gene,gene_type,degree_centrality,betweenness_centrality,closeness_centrality,triplet_count,best_rank,avg_pvalue
NORAD,lncRNA,0.702991452991453,0.6594221302058908,0.6307277628032345,385,1,8.634679364200268e-05
OIP5-AS1,lncRNA,0.5811965811965812,0.4864691339635719,0.5467289719626168,349,6,2.518652590232792e-07
FGD5-AS1,lncRNA,0.14743589743589744,0.07122998341274235,0.37083993660855785,71,7,2.425046410066666e-07
EBLN3P,lncRNA,0.061965811965811975,0.028017348074621005,0.34873323397913564,30,20,9.970431887514527e-12
GAS5,lncRNA,0.032051282051282055,0.009240144803286143,0.3416058394160584,15,247,1.535818879479696e-11
RPS4X,mRNA,0.010683760683760684,0.007137512962706352,0.5026852846401718,8,8,2.7755575615628914e-17
ZFP91,mRNA,0.008547008547008548,0.004836186361863903,0.4994663820704376,7,414,1.208173144449733e-06
PTEN,mRNA,0.008547008547008548,0.004836186361863903,0.4994663820704376,9,87,0.000177678127853094
DDX6,mRNA,0.008547008547008548,0.004836186361863903,0.4994663820704376,5,181,1.410087788045189e-06
WDR26,mRNA,0.008547008547008548,0.005090566091725947,0.4869927159209157,5,195,7.083666986318348e-13
CDC42,mRNA,0.008547008547008548,0.005090566091725947,0.4869927159209157,4,88,4.4069936810942074e-08
RPS2,mRNA,0.006410256410256411,0.00239907613482092,0.4921135646687697,3,1,0.0
EIF4G2,mRNA,0.006410256410256411,0.00239907613482092,0.4921135646687697,5,85,5.6763926892244855e-12
FKBP1A,mRNA,0.006410256410256411,0.00239907613482092,0.4921135646687697,3,133,1.1102230246251565e-15
CREB1,mRNA,0.006410256410256411,0.00239907613482092,0.4921135646687697,5,688,0.004691555475944452
EDC3,mRNA,0.006410256410256411,0.00239907613482092,0.4921135646687697,3,571,8.372468274231437e-09
BTF3,mRNA,0.006410256410256411,0.00239907613482092,0.4921135646687697,3,33,1.4802973661668753e-16
NUFIP2,mRNA,0.006410256410256411,0.00239907613482092,0.4921135646687697,5,86,7.584219687961635e-06
RPL35A,mRNA,0.006410256410256411,0.00239907613482092,0.4921135646687697,3,9,0.0
SERBP1,mRNA,0.006410256410256411,0.00239907613482092,0.4921135646687697,3,109,0.0
CNBP,mRNA,0.006410256410256411,0.0010475738013844829,0.3591711435149655,3,122,0.0
MAPK14,mRNA,0.006410256410256411,0.00239907613482092,0.4921135646687697,3,462,2.1789143748544387e-08
KCTD10,mRNA,0.006410256410256411,0.00239907613482092,0.4921135646687697,3,234,3.4488026508701828e-09
RBM39,mRNA,0.006410256410256411,0.00239907613482092,0.4921135646687697,3,135,2.8273679693787325e-14
MORF4L1,mRNA,0.006410256410256411,0.0012582685178386135,0.36648394675019574,4,231,1.3163120593517872e-10
LONP2,mRNA,0.006410256410256411,0.00239907613482092,0.4921135646687697,3,143,2.498120969344579e-10
RAB5B,mRNA,0.006410256410256411,0.00239907613482092,0.4921135646687697,5,140,0.00012891341460775674
MLEC,mRNA,0.006410256410256411,0.0031165981619791627,0.483971044467425,3,145,5.047161207490566e-10
YY1,mRNA,0.006410256410256411,0.0010475738013844829,0.3591711435149655,3,205,0.0
SP1,mRNA,0.006410256410256411,0.00239907613482092,0.4921135646687697,4,199,1.942892513540073e-10
CDC42SE1,mRNA,0.006410256410256411,0.0010475738013844829,0.3591711435149655,3,454,3.10302006312213e-10
SMAD4,mRNA,0.006410256410256411,0.0010475738013844829,0.3591711435149655,3,464,6.158342830205517e-06
HSPA8,mRNA,0.006410256410256411,0.00239907613482092,0.4921135646687697,3,167,2.5737930305543464e-12
SNX1,mRNA,0.006410256410256411,0.00239907613482092,0.4921135646687697,3,522,9.950529289426413e-11
UBE2Z,mRNA,0.006410256410256411,0.00239907613482092,0.4921135646687697,3,173,1.8503717077085944e-15
LIN7C,mRNA,0.006410256410256411,0.00239907613482092,0.4921135646687697,5,585,7.883525934282432e-08
RPL24,mRNA,0.006410256410256411,0.00239907613482092,0.4921135646687697,3,3,0.0
CSNK2A1,mRNA,0.006410256410256411,0.00239907613482092,0.4921135646687697,3,437,1.318997857683672e-05
MAPK1,mRNA,0.006410256410256411,0.00239907613482092,0.4921135646687697,4,279,5.942810132886222e-10
HDGF,mRNA,0.006410256410256411,0.0010475738013844829,0.3591711435149655,3,366,2.0235664995501188e-12
COX7A2L,mRNA,0.006410256410256411,0.0010475738013844829,0.3591711435149655,3,350,7.531752999057061e-11
PRPF8,mRNA,0.006410256410256411,0.00239907613482092,0.4921135646687697,4,362,1.205794001313265e-07
VDAC1,mRNA,0.006410256410256411,0.003009721591429681,0.48,3,328,2.8816948827170563e-12
ARPC5,mRNA,0.006410256410256411,0.00239907613482092,0.4921135646687697,4,16,2.852318381485475e-11
BTG1,mRNA,0.006410256410256411,0.00239907613482092,0.4921135646687697,3,385,1.3242740237728867e-12
HMGB1,mRNA,0.006410256410256411,0.00239907613482092,0.4921135646687697,4,45,1.1102230246251565e-15
MAX,mRNA,0.006410256410256411,0.00239907613482092,0.4921135646687697,3,46,0.0
MCL1,mRNA,0.006410256410256411,0.0031165981619791627,0.483971044467425,6,68,3.0086356972436334e-07
ACP1,mRNA,0.006410256410256411,0.0031165981619791627,0.483971044467425,3,65,0.0
FUBP1,mRNA,0.006410256410256411,0.00239907613482092,0.4921135646687697,3,237,2.8068806538309825e-11
SRSF7,mRNA,0.006410256410256411,0.00239907613482092,0.4921135646687697,7,44,4.85357785708272e-13
MORF4L2,mRNA,0.006410256410256411,0.0010475738013844829,0.3591711435149655,3,307,5.625129991434126e-15
SH3GLB1,mRNA,0.006410256410256411,0.0031165981619791627,0.483971044467425,3,137,3.0512867961925614e-06
YWHAZ,mRNA,0.006410256410256411,0.00239907613482092,0.4921135646687697,4,23,5.551115123125783e-17
HNRNPA3,mRNA,0.006410256410256411,0.00239907613482092,0.4921135646687697,3,69,0.0
TMED4,mRNA,0.006410256410256411,0.00239907613482092,0.4921135646687697,5,66,1.3766765505351941e-15
RPS8,mRNA,0.004273504273504274,0.001074201465144408,0.47706422018348627,2,2,0.0
VPS4B,mRNA,0.004273504273504274,0.001074201465144408,0.47706422018348627,2,634,5.0112756729836505e-06
TPD52L2,mRNA,0.004273504273504274,0.0008469999409635345,0.40660295395308427,2,29,0.0
TPM4,mRNA,0.004273504273504274,0.00047787472871298523,0.36477007014809043,2,105,3.0531133177191805e-14
TMED2,mRNA,0.004273504273504274,0.001074201465144408,0.47706422018348627,2,93,4.3298697960381105e-15
PRKACA,mRNA,0.004273504273504274,0.0008469999409635345,0.40660295395308427,2,129,7.882583474838611e-15
STX12,mRNA,0.004273504273504274,0.001074201465144408,0.47706422018348627,5,102,3.804512260785487e-13
SEC31A,mRNA,0.004273504273504274,0.0005560908798930077,0.3575248281130634,2,98,0.0
PGGT1B,mRNA,0.004273504273504274,0.001074201465144408,0.47706422018348627,2,812,5.4781634825085135e-06
YBX1,mRNA,0.004273504273504274,0.001074201465144408,0.47706422018348627,3,27,0.0
APLP2,mRNA,0.004273504273504274,0.001074201465144408,0.47706422018348627,5,24,0.0
MBNL1,mRNA,0.004273504273504274,0.001074201465144408,0.47706422018348627,3,117,5.181040781584064e-16
PPP1R2,mRNA,0.004273504273504274,0.001074201465144408,0.47706422018348627,2,108,0.0
PREPL,mRNA,0.004273504273504274,0.001074201465144408,0.47706422018348627,4,544,1.2008614658221006e-08
DCTN4,mRNA,0.004273504273504274,0.001074201465144408,0.47706422018348627,4,512,9.973927239670388e-11
RRN3,mRNA,0.004273504273504274,0.001074201465144408,0.47706422018348627,2,532,2.2970899973273617e-06
CANX,mRNA,0.004273504273504274,0.001074201465144408,0.47706422018348627,2,160,0.0
TANK,mRNA,0.004273504273504274,0.001074201465144408,0.47706422018348627,2,82,0.0
HNRNPC,mRNA,0.004273504273504274,0.00047787472871298523,0.36477007014809043,2,175,0.0
ZBTB4,mRNA,0.004273504273504274,0.001074201465144408,0.47706422018348627,2,177,2.1316282072803006e-14
ZNF207,mRNA,0.004273504273504274,0.001074201465144408,0.47706422018348627,2,180,0.0
MED29,mRNA,0.004273504273504274,0.001074201465144408,0.47706422018348627,6,134,1.0948969564328337e-07
RPL22,mRNA,0.004273504273504274,0.0004530351180299579,0.3553530751708428,3,163,2.7278179715040096e-12
VPS41,mRNA,0.004273504273504274,0.001074201465144408,0.47706422018348627,4,174,4.9789554812385006e-08
ARPP19,mRNA,0.004273504273504274,0.001074201465144408,0.47706422018348627,4,622,0.0007862301658404482
SRPRA,mRNA,0.004273504273504274,0.001074201465144408,0.47706422018348627,2,147,2.153832667772804e-14
CSDE1,mRNA,0.004273504273504274,0.001074201465144408,0.47706422018348627,3,151,9.801356763243043e-10
ARF1,mRNA,0.004273504273504274,0.001074201465144408,0.47706422018348627,2,152,1.1102230246251565e-16
ZFAND5,mRNA,0.004273504273504274,0.001074201465144408,0.47706422018348627,5,159,1.0398162331171079e-10
SAE1,mRNA,0.004273504273504274,0.001074201465144408,0.47706422018348627,2,589,2.0231263956338452e-06
PPP3CB,mRNA,0.004273504273504274,0.001074201465144408,0.47706422018348627,2,565,4.333378100795926e-11
CNIH1,mRNA,0.004273504273504274,0.001074201465144408,0.47706422018348627,2,594,5.621523246901461e-10
RNF149,mRNA,0.004273504273504274,0.00047787472871298523,0.36477007014809043,2,593,5.499447008894265e-09
FYTTD1,mRNA,0.004273504273504274,0.001074201465144408,0.47706422018348627,2,572,2.6124836183250014e-08
TLK1,mRNA,0.004273504273504274,0.00047787472871298523,0.36477007014809043,2,619,1.3161200385081173e-07
POLDIP3,mRNA,0.004273504273504274,0.001074201465144408,0.47706422018348627,2,613,9.837161085712864e-10
MAP2K4,mRNA,0.004273504273504274,0.001074201465144408,0.47706422018348627,2,608,2.5641667398268453e-06
MTDH,mRNA,0.004273504273504274,0.001074201465144408,0.47706422018348627,2,669,9.713453014148499e-07
TNPO1,mRNA,0.004273504273504274,0.0005560908798930077,0.3575248281130634,2,126,8.40549851943706e-13
ATG12,mRNA,0.004273504273504274,0.001074201465144408,0.47706422018348627,3,120,1.2875585338652705e-08
NPM1,mRNA,0.004273504273504274,0.001074201465144408,0.47706422018348627,3,132,4.333940613795069e-12
GPBP1L1,mRNA,0.004273504273504274,0.001074201465144408,0.47706422018348627,4,106,5.551115123125783e-16
CAND1,mRNA,0.004273504273504274,0.001074201465144408,0.47706422018348627,2,653,6.955553411014392e-08
KPNA6,mRNA,0.004273504273504274,0.001074201465144408,0.47706422018348627,2,663,0.0001050915517214302
RBFOX2,mRNA,0.004273504273504274,0.001074201465144408,0.47706422018348627,2,570,0.0002729329182797606
RPSA,mRNA,0.004273504273504274,0.00047787472871298523,0.36477007014809043,3,28,1.9984014443252814e-15
EEF1A1,mRNA,0.004273504273504274,0.001074201465144408,0.47706422018348627,7,5,5.119216637895972e-09
ENO1,mRNA,0.004273504273504274,0.0008469999409635345,0.40660295395308427,2,4,0.0
ELOA,mRNA,0.004273504273504274,0.001074201465144408,0.47706422018348627,2,223,1.6764367671839867e-14
UBXN4,mRNA,0.004273504273504274,0.001074201465144408,0.47706422018348627,6,210,5.352426988636003e-05
WASL,mRNA,0.004273504273504274,0.001074201465144408,0.47706422018348627,3,213,3.963064920675663e-08
PTBP3,mRNA,0.004273504273504274,0.0005560908798930077,0.3575248281130634,2,222,3.941291737419306e-14
DHX9,mRNA,0.004273504273504274,0.001074201465144408,0.47706422018348627,2,214,0.0
EZR,mRNA,0.004273504273504274,0.001074201465144408,0.47706422018348627,3,397,4.038844116186861e-07
ATP2A2,mRNA,0.004273504273504274,0.001074201465144408,0.47706422018348627,2,202,2.593136816386732e-11
HNRNPL,mRNA,0.004273504273504274,0.001074201465144408,0.47706422018348627,2,200,5.685563131407889e-12
ZCRB1,mRNA,0.004273504273504274,0.001074201465144408,0.47706422018348627,2,138,3.3306690738754696e-16
GTF2A1,mRNA,0.004273504273504274,0.001074201465144408,0.47706422018348627,2,410,9.338056689012221e-07
SMU1,mRNA,0.004273504273504274,0.001074201465144408,0.47706422018348627,2,232,7.355227538141662e-13
UBAP2L,mRNA,0.004273504273504274,0.001074201465144408,0.47706422018348627,2,207,2.5091040356528543e-13
PICALM,mRNA,0.004273504273504274,0.001074201465144408,0.47706422018348627,2,203,6.660005880121389e-12
DDX5,mRNA,0.004273504273504274,0.001074201465144408,0.47706422018348627,2,228,5.4156205187005924e-08
USP9X,mRNA,0.004273504273504274,0.00047787472871298523,0.36477007014809043,2,392,1.8740564655672645e-13
NFYB,mRNA,0.004273504273504274,0.001074201465144408,0.47706422018348627,2,499,2.5063852993056912e-08
RPS14,mRNA,0.004273504273504274,0.001074201465144408,0.47706422018348627,2,402,1.2023715356690445e-13
NUCKS1,mRNA,0.004273504273504274,0.001074201465144408,0.47706422018348627,2,198,1.7763568394002508e-14
ATXN7L3B,mRNA,0.004273504273504274,0.001074201465144408,0.47706422018348627,3,470,7.707577909243923e-09
ZDHHC20,mRNA,0.004273504273504274,0.001074201465144408,0.47706422018348627,2,558,9.628187136456744e-11
BZW1,mRNA,0.004273504273504274,0.001074201465144408,0.47706422018348627,2,545,1.5160479982512243e-08
NUP214,mRNA,0.004273504273504274,0.001074201465144408,0.47706422018348627,2,446,1.9672042400609158e-06
VAPA,mRNA,0.004273504273504274,0.001074201465144408,0.47706422018348627,4,445,1.3345990979019007e-12
PPP1R15B,mRNA,0.004273504273504274,0.001074201465144408,0.47706422018348627,3,457,1.4428029141792345e-10
MBNL2,mRNA,0.004273504273504274,0.001074201465144408,0.47706422018348627,3,478,4.01553414963729e-08
CPEB4,mRNA,0.004273504273504274,0.001074201465144408,0.47706422018348627,3,495,1.2729380490424566e-07
N4BP1,mRNA,0.004273504273504274,0.00047787472871298523,0.36477007014809043,2,543,3.1087676877206144e-10
SMAD5,mRNA,0.004273504273504274,0.001074201465144408,0.47706422018348627,2,556,2.9692346037446526e-07
ANXA11,mRNA,0.004273504273504274,0.001074201465144408,0.47706422018348627,2,554,4.269937594281181e-06
MRPS16,mRNA,0.004273504273504274,0.001074201465144408,0.47706422018348627,2,266,2.109423746787798e-15
EIF4EBP2,mRNA,0.004273504273504274,0.001074201465144408,0.47706422018348627,2,249,1.8447687821776523e-11
G3BP1,mRNA,0.004273504273504274,0.00047787472871298523,0.36477007014809043,3,248,5.598121965988411e-11
DDX3X,mRNA,0.004273504273504274,0.001074201465144408,0.47706422018348627,2,246,1.559863349598345e-13
CS,mRNA,0.004273504273504274,0.00047787472871298523,0.36477007014809043,2,346,5.81756864903582e-14
TMEM167A,mRNA,0.004273504273504274,0.00047787472871298523,0.36477007014809043,2,431,2.370083906910736e-09
RPL9,mRNA,0.004273504273504274,0.001074201465144408,0.47706422018348627,2,338,1.0658141036401503e-14
ATF7IP,mRNA,0.004273504273504274,0.001074201465144408,0.47706422018348627,2,339,7.719065076017273e-08
MFF,mRNA,0.004273504273504274,0.001074201465144408,0.47706422018348627,2,436,4.659606034351782e-13
SETD3,mRNA,0.004273504273504274,0.001074201465144408,0.47706422018348627,4,433,6.615395342635111e-09
MBD1,mRNA,0.004273504273504274,0.001074201465144408,0.47706422018348627,2,440,2.9013458302529216e-12
YIPF4,mRNA,0.004273504273504274,0.001074201465144408,0.47706422018348627,3,439,1.0269386755856758e-05
CDC5L,mRNA,0.004273504273504274,0.001074201465144408,0.47706422018348627,2,421,1.8241840260557757e-07
RAB14,mRNA,0.004273504273504274,0.00047787472871298523,0.36477007014809043,2,411,1.3763434836278066e-12
AP3M1,mRNA,0.004273504273504274,0.001074201465144408,0.47706422018348627,2,416,1.2468094334749935e-09
RPL7L1,mRNA,0.004273504273504274,0.001074201465144408,0.47706422018348627,2,420,2.0692336732963668e-12
RAB10,mRNA,0.004273504273504274,0.001074201465144408,0.47706422018348627,3,406,1.2717477434106192e-07
RPS27A,mRNA,0.004273504273504274,0.001074201465144408,0.47706422018348627,2,408,1.5898393712632244e-13
YIPF6,mRNA,0.004273504273504274,0.00047787472871298523,0.36477007014809043,2,333,2.811861854468134e-12
EIF4B,mRNA,0.004273504273504274,0.001074201465144408,0.47706422018348627,2,288,1.1045386827390757e-11
CNOT4,mRNA,0.004273504273504274,0.001074201465144408,0.47706422018348627,3,347,1.8897207724558975e-08
ARID1B,mRNA,0.004273504273504274,0.001074201465144408,0.47706422018348627,2,363,4.000136910597974e-08
HNRNPH1,mRNA,0.004273504273504274,0.001074201465144408,0.47706422018348627,2,278,6.439293542825907e-15
STAU1,mRNA,0.004273504273504274,0.001074201465144408,0.47706422018348627,2,269,6.206428179167389e-07
XPO1,mRNA,0.004273504273504274,0.001074201465144408,0.47706422018348627,2,274,4.0634162701280736e-14
DDX23,mRNA,0.004273504273504274,0.001074201465144408,0.47706422018348627,3,189,6.217248937900877e-15
FAM91A1,mRNA,0.004273504273504274,0.001074201465144408,0.47706422018348627,2,359,5.617728504603293e-14
MIER1,mRNA,0.004273504273504274,0.001074201465144408,0.47706422018348627,2,348,1.3322676295501878e-14
CNOT2,mRNA,0.004273504273504274,0.001074201465144408,0.47706422018348627,2,361,3.24640314630642e-11
TXLNA,mRNA,0.004273504273504274,0.001074201465144408,0.47706422018348627,3,281,7.201442508986135e-08
RAD23B,mRNA,0.004273504273504274,0.001074201465144408,0.47706422018348627,3,275,2.920352826230044e-07
KIF5B,mRNA,0.004273504273504274,0.001074201465144408,0.47706422018348627,5,244,3.018055234965731e-05
PGRMC1,mRNA,0.004273504273504274,0.001074201465144408,0.47706422018348627,2,331,3.309347240687543e-10
EXOC5,mRNA,0.004273504273504274,0.001074201465144408,0.47706422018348627,2,322,1.6209356079599502e-10
SPCS3,mRNA,0.004273504273504274,0.001074201465144408,0.47706422018348627,4,316,1.00394226265621e-09
ETFA,mRNA,0.004273504273504274,0.001074201465144408,0.47706422018348627,2,313,3.508304757815495e-14
AKIRIN1,mRNA,0.004273504273504274,0.001074201465144408,0.47706422018348627,2,306,8.54316617449058e-13
PRKAR1A,mRNA,0.004273504273504274,0.001074201465144408,0.47706422018348627,5,312,0.00020246052940340193
TEX261,mRNA,0.004273504273504274,0.00047787472871298523,0.36477007014809043,2,305,9.658940314238862e-14
JAK1,mRNA,0.004273504273504274,0.001074201465144408,0.47706422018348627,3,304,2.851090400657341e-06
FAM8A1,mRNA,0.004273504273504274,0.001074201465144408,0.47706422018348627,4,290,8.613609825403046e-12
GPBP1,mRNA,0.004273504273504274,0.001074201465144408,0.47706422018348627,2,299,3.7689373844074225e-10
SYNCRIP,mRNA,0.004273504273504274,0.0005560908798930077,0.3575248281130634,2,296,4.717415347244014e-11
RNF4,mRNA,0.004273504273504274,0.001074201465144408,0.47706422018348627,2,294,3.4753178113078315e-10
TSPYL1,mRNA,0.004273504273504274,0.001074201465144408,0.47706422018348627,5,241,2.3930864132548635e-06
SMARCA5,mRNA,0.004273504273504274,0.001074201465144408,0.47706422018348627,2,242,7.606137941706947e-12
ZDHHC5,mRNA,0.004273504273504274,0.001074201465144408,0.47706422018348627,2,238,1.0267042771516799e-10
VHL,mRNA,0.004273504273504274,0.0005560908798930077,0.3575248281130634,2,240,3.3306690738754696e-16
HIF1A,mRNA,0.004273504273504274,0.0008469999409635345,0.40660295395308427,2,42,2.9976021664879223e-15
NAP1L1,mRNA,0.004273504273504274,0.001074201465144408,0.47706422018348627,4,62,2.762095940855858e-09
CREG1,mRNA,0.004273504273504274,0.001074201465144408,0.47706422018348627,2,48,1.092459456231154e-13
HSP90AA1,mRNA,0.004273504273504274,0.001074201465144408,0.47706422018348627,4,56,4.251099472440956e-12
ARPC3,mRNA,0.004273504273504274,0.001074201465144408,0.47706422018348627,3,47,1.4802973661668753e-16
EIF3E,mRNA,0.004273504273504274,0.0005560908798930077,0.3575248281130634,2,76,0.0
HNRNPA1,mRNA,0.004273504273504274,0.001074201465144408,0.47706422018348627,2,75,0.0
EIF1,mRNA,0.004273504273504274,0.001074201465144408,0.47706422018348627,3,72,1.1097589514008632e-10
WDR11,mRNA,0.004273504273504274,0.001074201465144408,0.47706422018348627,2,727,5.414436767270381e-06
BTBD1,mRNA,0.004273504273504274,0.001074201465144408,0.47706422018348627,2,704,1.716266428974933e-08
PRKAA1,mRNA,0.004273504273504274,0.001074201465144408,0.47706422018348627,2,703,2.0761063190821716e-07
KLF3,mRNA,0.004273504273504274,0.001074201465144408,0.47706422018348627,2,741,1.5263761798944842e-06
RPLP0,mRNA,0.004273504273504274,0.001074201465144408,0.47706422018348627,2,19,0.0
TNKS2,mRNA,0.004273504273504274,0.001074201465144408,0.47706422018348627,2,719,5.629169945176037e-06
RPL7A,mRNA,0.004273504273504274,0.001074201465144408,0.47706422018348627,2,22,0.0
KDM3A,mRNA,0.004273504273504274,0.0008469999409635345,0.40660295395308427,2,733,0.0005360425090937472
SNRNP200,mRNA,0.002136752136752137,0.0,0.2706766917293233,1,40,0.0
LDHA,mRNA,0.002136752136752137,0.0,0.35374149659863946,1,17,0.0
PKM,mRNA,0.002136752136752137,0.0,0.35374149659863946,1,21,0.0
UBQLN1,mRNA,0.002136752136752137,0.0,0.35374149659863946,1,734,2.969716716982873e-08
LAMC1,mRNA,0.002136752136752137,0.0,0.3870967741935484,1,735,3.3874357985297365e-08
PTAR1,mRNA,0.002136752136752137,0.0,0.35374149659863946,1,737,3.2584003051283617e-08
SPTY2D1,mRNA,0.002136752136752137,0.0,0.35374149659863946,1,742,4.302101941355829e-08
UBR3,mRNA,0.002136752136752137,0.0,0.35374149659863946,1,746,5.131669511548864e-08
NCOA3,mRNA,0.002136752136752137,0.0,0.3870967741935484,1,750,5.9409876351779196e-08
STAG2,mRNA,0.002136752136752137,0.0,0.3870967741935484,1,720,1.445978092817768e-08
TRPC4AP,mRNA,0.002136752136752137,0.0,0.3870967741935484,1,722,1.6142278180808493e-08
PCMTD2,mRNA,0.002136752136752137,0.0,0.3870967741935484,2,723,2.8797843665273607e-08
UMPS,mRNA,0.002136752136752137,0.0,0.2706766917293233,1,729,3.0059382316594e-08
RAB22A,mRNA,0.002136752136752137,0.0,0.3870967741935484,1,730,2.7226349841313894e-08
OTUD4,mRNA,0.002136752136752137,0.0,0.35374149659863946,1,732,2.8028690923775912e-08
SKIL,mRNA,0.002136752136752137,0.0,0.3870967741935484,1,701,7.4447679132561015e-09
PHB2,mRNA,0.002136752136752137,0.0,0.35374149659863946,1,89,0.0
YME1L1,mRNA,0.002136752136752137,0.0,0.2706766917293233,1,97,0.0
TRRAP,mRNA,0.002136752136752137,0.0,0.3870967741935484,1,104,0.0
MSH6,mRNA,0.002136752136752137,0.0,0.3870967741935484,1,79,0.0
POLR1B,mRNA,0.002136752136752137,0.0,0.3870967741935484,1,629,4.735716263581935e-10
PPP2R5C,mRNA,0.002136752136752137,0.0,0.35374149659863946,1,630,4.595022140563288e-10
C2orf69,mRNA,0.002136752136752137,0.0,0.3870967741935484,1,635,5.941502845274725e-10
CTNNBL1,mRNA,0.002136752136752137,0.0,0.3870967741935484,1,638,6.664164775571635e-10
MFN2,mRNA,0.002136752136752137,0.0,0.3870967741935484,1,697,5.007268155665656e-09
TRIP12,mRNA,0.002136752136752137,0.0,0.3870967741935484,1,698,4.896585581448676e-09
SUPT16H,mRNA,0.002136752136752137,0.0,0.3870967741935484,1,118,0.0
GLUL,mRNA,0.002136752136752137,0.0,0.35374149659863946,1,130,0.0
SDHD,mRNA,0.002136752136752137,0.0,0.35374149659863946,1,111,0.0
PUM1,mRNA,0.002136752136752137,0.0,0.25870646766169153,1,112,0.0
SLC39A9,mRNA,0.002136752136752137,0.0,0.2706766917293233,1,113,0.0
SZRD1,mRNA,0.002136752136752137,0.0,0.3870967741935484,1,116,0.0
PLAGL2,mRNA,0.002136752136752137,0.0,0.3870967741935484,1,651,1.015984851804319e-09
VCP,mRNA,0.002136752136752137,0.0,0.3870967741935484,1,652,9.100038500520211e-10
DNAJC21,mRNA,0.002136752136752137,0.0,0.35374149659863946,2,654,1.2075828115243323e-09
ATXN10,mRNA,0.002136752136752137,0.0,0.35374149659863946,1,627,4.3158809859278335e-10
MED4,mRNA,0.002136752136752137,0.0,0.35374149659863946,1,690,3.4173925911318284e-09
TAX1BP1,mRNA,0.002136752136752137,0.0,0.3870967741935484,1,691,3.509483814667646e-09
FAM199X,mRNA,0.002136752136752137,0.0,0.3870967741935484,1,693,4.008779308506405e-09
MAP4,mRNA,0.002136752136752137,0.0,0.35374149659863946,1,694,4.647762175125081e-09
PPM1B,mRNA,0.002136752136752137,0.0,0.3870967741935484,1,661,1.2841590013579207e-09
CCT6A,mRNA,0.002136752136752137,0.0,0.3870967741935484,1,662,1.5600896130507635e-09
SYPL1,mRNA,0.002136752136752137,0.0,0.35374149659863946,1,666,1.4283736415876547e-09
PNRC2,mRNA,0.002136752136752137,0.0,0.35374149659863946,2,667,2.3762114831349382e-08
PPP6C,mRNA,0.002136752136752137,0.0,0.3870967741935484,1,643,6.753042569584976e-10
THUMPD3,mRNA,0.002136752136752137,0.0,0.35374149659863946,1,644,7.393239354058777e-10
ERBIN,mRNA,0.002136752136752137,0.0,0.35374149659863946,2,645,1.0816500326527034e-06
UQCRC2,mRNA,0.002136752136752137,0.0,0.35374149659863946,1,650,8.427896158735847e-10
RYBP,mRNA,0.002136752136752137,0.0,0.25870646766169153,1,182,0.0
PPP1CB,mRNA,0.002136752136752137,0.0,0.35374149659863946,1,183,0.0
STARD7,mRNA,0.002136752136752137,0.0,0.35374149659863946,2,186,4.205524817280093e-13
RNPS1,mRNA,0.002136752136752137,0.0,0.3870967741935484,1,187,0.0
POFUT1,mRNA,0.002136752136752137,0.0,0.3870967741935484,1,190,0.0
SSR1,mRNA,0.002136752136752137,0.0,0.35374149659863946,2,192,8.59736726255278e-11
STT3B,mRNA,0.002136752136752137,0.0,0.35374149659863946,1,277,2.220446049250313e-16
UBE2V2,mRNA,0.002136752136752137,0.0,0.3870967741935484,1,283,4.440892098500626e-16
TBL1XR1,mRNA,0.002136752136752137,0.0,0.3870967741935484,1,364,2.1760371282653068e-14
TPRG1L,mRNA,0.002136752136752137,0.0,0.3870967741935484,2,365,8.714670207687902e-09
EIF2S1,mRNA,0.002136752136752137,0.0,0.3870967741935484,1,372,4.2188474935755955e-14
SLC1A5,mRNA,0.002136752136752137,0.0,0.3870967741935484,1,374,5.10702591327572e-14
NUP98,mRNA,0.002136752136752137,0.0,0.3870967741935484,1,377,4.0634162701280736e-14
REEP5,mRNA,0.002136752136752137,0.0,0.35374149659863946,1,356,1.4876988529977098e-14
BSDC1,mRNA,0.002136752136752137,0.0,0.35374149659863946,2,358,4.6296300126869034e-14
CRCP,mRNA,0.002136752136752137,0.0,0.3870967741935484,1,360,2.042810365310288e-14
ILF3,mRNA,0.002136752136752137,0.0,0.35374149659863946,1,297,8.881784197001252e-16
XIAP,mRNA,0.002136752136752137,0.0,0.35374149659863946,2,378,3.237144718948315e-08
CAST,mRNA,0.002136752136752137,0.0,0.35374149659863946,1,379,4.596323321948149e-14
PPM1A,mRNA,0.002136752136752137,0.0,0.35374149659863946,1,380,4.618527782440651e-14
CCNT2,mRNA,0.002136752136752137,0.0,0.35374149659863946,1,381,4.39648317751562e-14
PDHA1,mRNA,0.002136752136752137,0.0,0.3870967741935484,1,383,6.417089082333406e-14
ARPC5L,mRNA,0.002136752136752137,0.0,0.3870967741935484,1,387,7.016609515630989e-14
LAMP1,mRNA,0.002136752136752137,0.0,0.35374149659863946,1,388,6.328271240363392e-14
DNTTIP2,mRNA,0.002136752136752137,0.0,0.3870967741935484,1,319,3.774758283725532e-15
EIF4H,mRNA,0.002136752136752137,0.0,0.3870967741935484,1,298,1.1102230246251563e-15
WAC,mRNA,0.002136752136752137,0.0,0.3870967741935484,1,300,1.1102230246251563e-15
VMA21,mRNA,0.002136752136752137,0.0,0.3870967741935484,1,301,1.7763568394002505e-15
SDCBP,mRNA,0.002136752136752137,0.0,0.35374149659863946,1,303,1.7763568394002505e-15
HNRNPUL1,mRNA,0.002136752136752137,0.0,0.35374149659863946,1,287,4.440892098500626e-16
DNAJC10,mRNA,0.002136752136752137,0.0,0.3870967741935484,1,291,6.661338147750939e-16
RPL5,mRNA,0.002136752136752137,0.0,0.3870967741935484,1,295,8.881784197001252e-16
UBAC2,mRNA,0.002136752136752137,0.0,0.3870967741935484,1,389,6.550315845288425e-14
MTPAP,mRNA,0.002136752136752137,0.0,0.3870967741935484,1,139,0.0
UHMK1,mRNA,0.002136752136752137,0.0,0.25870646766169153,1,219,0.0
PPP6R3,mRNA,0.002136752136752137,0.0,0.3870967741935484,1,224,0.0
VAMP3,mRNA,0.002136752136752137,0.0,0.35374149659863946,1,226,0.0
STX7,mRNA,0.002136752136752137,0.0,0.35374149659863946,1,211,0.0
PDCD6IP,mRNA,0.002136752136752137,0.0,0.35374149659863946,2,212,4.916067553040193e-13
HNRNPR,mRNA,0.002136752136752137,0.0,0.3870967741935484,1,216,0.0
ACTR2,mRNA,0.002136752136752137,0.0,0.3870967741935484,1,415,1.3589129821411916e-13
MKRN1,mRNA,0.002136752136752137,0.0,0.3870967741935484,1,418,1.4277468096679513e-13
GABPB1,mRNA,0.002136752136752137,0.0,0.3870967741935484,1,427,2.1005419625907962e-13
BRD7,mRNA,0.002136752136752137,0.0,0.35374149659863946,1,428,2.0672352718520415e-13
YES1,mRNA,0.002136752136752137,0.0,0.3870967741935484,1,429,2.469136006766348e-13
MAP1LC3B,mRNA,0.002136752136752137,0.0,0.35374149659863946,1,403,9.103828801926285e-14
SNX3,mRNA,0.002136752136752137,0.0,0.35374149659863946,1,407,1.0125233984581429e-13
TNPO2,mRNA,0.002136752136752137,0.0,0.3870967741935484,1,412,1.3278267374516872e-13
OAZ1,mRNA,0.002136752136752137,0.0,0.2547632008709853,1,255,0.0
PABPC1,mRNA,0.002136752136752137,0.0,0.35374149659863946,1,261,2.220446049250313e-16
ACIN1,mRNA,0.002136752136752137,0.0,0.3870967741935484,1,335,6.439293542825908e-15
LRRFIP1,mRNA,0.002136752136752137,0.0,0.35374149659863946,1,340,7.105427357601002e-15
PPP3R1,mRNA,0.002136752136752137,0.0,0.3870967741935484,1,343,8.881784197001252e-15
FLOT1,mRNA,0.002136752136752137,0.0,0.3870967741935484,1,344,9.992007221626407e-15
ARFIP1,mRNA,0.002136752136752137,0.0,0.35374149659863946,1,435,3.11750625314744e-13
YWHAG,mRNA,0.002136752136752137,0.0,0.3870967741935484,1,441,3.568256801145253e-13
CYB5B,mRNA,0.002136752136752137,0.0,0.3870967741935484,1,285,4.440892098500626e-16
ATG5,mRNA,0.002136752136752137,0.0,0.35374149659863946,1,262,2.220446049250313e-16
CBX1,mRNA,0.002136752136752137,0.0,0.3870967741935484,1,264,2.220446049250313e-16
CASP2,mRNA,0.002136752136752137,0.0,0.3870967741935484,1,268,2.220446049250313e-16
EMC1,mRNA,0.002136752136752137,0.0,0.3870967741935484,1,270,2.220446049250313e-16
GNAS,mRNA,0.002136752136752137,0.0,0.3870967741935484,1,271,2.220446049250313e-16
RBBP7,mRNA,0.002136752136752137,0.0,0.3870967741935484,1,272,2.220446049250313e-16
BCAP31,mRNA,0.002136752136752137,0.0,0.2547632008709853,1,252,0.0
CLPTM1L,mRNA,0.002136752136752137,0.0,0.3870967741935484,1,444,5.53335155473178e-13
RNF220,mRNA,0.002136752136752137,0.0,0.3870967741935484,1,447,4.793943020331426e-13
LRRC59,mRNA,0.002136752136752137,0.0,0.3870967741935484,1,451,5.844214001626824e-13
RAC1,mRNA,0.002136752136752137,0.0,0.35374149659863946,1,453,5.80646641878957e-13
UBE2I,mRNA,0.002136752136752137,0.0,0.3870967741935484,1,553,2.697464474010758e-11
SLC25A5,mRNA,0.002136752136752137,0.0,0.3870967741935484,1,555,2.969402501662444e-11
NRBP1,mRNA,0.002136752136752137,0.0,0.3870967741935484,2,557,4.2190601334812783e-07
ERGIC2,mRNA,0.002136752136752137,0.0,0.2706766917293233,1,559,3.824651706452187e-11
CNOT11,mRNA,0.002136752136752137,0.0,0.3870967741935484,1,491,2.105204899294222e-12
GABARAPL2,mRNA,0.002136752136752137,0.0,0.35374149659863946,1,492,2.4491519923230957e-12
FOXJ3,mRNA,0.002136752136752137,0.0,0.3870967741935484,1,455,6.166178678768119e-13
CBX5,mRNA,0.002136752136752137,0.0,0.3870967741935484,1,460,8.621992009238967e-13
NRAS,mRNA,0.002136752136752137,0.0,0.3870967741935484,1,463,1.020739048840369e-12
DAP3,mRNA,0.002136752136752137,0.0,0.3870967741935484,1,467,1.0080825063596421e-12
HUWE1,mRNA,0.002136752136752137,0.0,0.3870967741935484,1,469,9.234835118832052e-13
PURB,mRNA,0.002136752136752137,0.0,0.3870967741935484,1,443,3.792521852119536e-13
TUFM,mRNA,0.002136752136752137,0.0,0.2706766917293233,1,498,3.8753444897565714e-12
SMG7,mRNA,0.002136752136752137,0.0,0.3870967741935484,1,504,3.404165838105655e-12
ATP6V1B2,mRNA,0.002136752136752137,0.0,0.35374149659863946,1,505,3.6155523019942848e-12
AZIN1,mRNA,0.002136752136752137,0.0,0.3870967741935484,1,511,5.275113679203969e-12
ELP5,mRNA,0.002136752136752137,0.0,0.2706766917293233,1,474,1.4999113062685865e-12
CAPN2,mRNA,0.002136752136752137,0.0,0.35374149659863946,1,477,1.352695733203291e-12
GNAI2,mRNA,0.002136752136752137,0.0,0.3870967741935484,1,481,1.7814638653135262e-12
PFN1,mRNA,0.002136752136752137,0.0,0.3870967741935484,2,484,3.975997309169088e-11
TIAL1,mRNA,0.002136752136752137,0.0,0.3870967741935484,1,201,0.0
KBTBD2,mRNA,0.002136752136752137,0.0,0.25870646766169153,1,204,0.0
DNAJB6,mRNA,0.002136752136752137,0.0,0.3870967741935484,1,390,6.439293542825908e-14
ADAR,mRNA,0.002136752136752137,0.0,0.3870967741935484,1,394,7.327471962526033e-14
YTHDC1,mRNA,0.002136752136752137,0.0,0.3870967741935484,1,398,7.038813976123492e-14
FOXK2,mRNA,0.002136752136752137,0.0,0.3870967741935484,1,401,9.636735853746361e-14
RPL7,mRNA,0.002136752136752137,0.0,0.3870967741935484,1,493,3.1161739855178894e-12
TOR1AIP1,mRNA,0.002136752136752137,0.0,0.35374149659863946,2,494,6.398381824368471e-11
NAA50,mRNA,0.002136752136752137,0.0,0.3870967741935484,1,146,0.0
PCBP2,mRNA,0.002136752136752137,0.0,0.3870967741935484,1,149,0.0
CAP1,mRNA,0.002136752136752137,0.0,0.35374149659863946,1,154,0.0
TMED7,mRNA,0.002136752136752137,0.0,0.35374149659863946,2,158,1.8302026560945706e-12
SKP1,mRNA,0.002136752136752137,0.0,0.2706766917293233,1,517,6.476152947243463e-12
TMEM59,mRNA,0.002136752136752137,0.0,0.35374149659863946,1,519,6.2154725810614756e-12
DDAH1,mRNA,0.002136752136752137,0.0,0.3870967741935484,1,520,8.695044684259301e-12
MMGT1,mRNA,0.002136752136752137,0.0,0.35374149659863946,1,524,8.657519146026969e-12
DSTN,mRNA,0.002136752136752137,0.0,0.35374149659863946,2,172,1.1102230246251565e-16
SRSF2,mRNA,0.002136752136752137,0.0,0.3870967741935484,1,176,0.0
ANKIB1,mRNA,0.002136752136752137,0.0,0.3870967741935484,2,178,6.5503158452884236e-15
MCFD2,mRNA,0.002136752136752137,0.0,0.35374149659863946,1,161,0.0
U2SURP,mRNA,0.002136752136752137,0.0,0.3870967741935484,1,164,0.0
DNM1L,mRNA,0.002136752136752137,0.0,0.3870967741935484,2,165,2.443267810292582e-12
SERINC3,mRNA,0.002136752136752137,0.0,0.35374149659863946,2,169,3.83026943495679e-13
PTGES3,mRNA,0.002136752136752137,0.0,0.3870967741935484,1,171,0.0
TMEM30A,mRNA,0.002136752136752137,0.0,0.3870967741935484,1,530,1.0897061031300836e-11
GHITM,mRNA,0.002136752136752137,0.0,0.35374149659863946,1,531,1.1013634448886478e-11
NDFIP1,mRNA,0.002136752136752137,0.0,0.35374149659863946,1,534,1.1175060876666976e-11
KMT5B,mRNA,0.002136752136752137,0.0,0.3870967741935484,1,535,1.1364909013877876e-11
TOP1,mRNA,0.002136752136752137,0.0,0.35374149659863946,1,539,1.5171197631502764e-11
AKT2,mRNA,0.002136752136752137,0.0,0.3870967741935484,1,81,0.0
PRPF4,mRNA,0.002136752136752137,0.0,0.3870967741935484,1,83,0.0
MTHFD1,mRNA,0.002136752136752137,0.0,0.3870967741935484,1,84,0.0
ARHGAP17,mRNA,0.002136752136752137,0.0,0.3870967741935484,1,564,4.1073811019032285e-11
SCAMP2,mRNA,0.002136752136752137,0.0,0.35374149659863946,1,546,1.8518520050747608e-11
CNDP2,mRNA,0.002136752136752137,0.0,0.35374149659863946,1,547,1.9048540522703658e-11
GTF2H3,mRNA,0.002136752136752137,0.0,0.3870967741935484,1,549,2.1072033007385468e-11
RBM12,mRNA,0.002136752136752137,0.0,0.3870967741935484,1,551,1.8503643062217637e-11
ARCN1,mRNA,0.002136752136752137,0.0,0.3870967741935484,1,552,2.204725291221621e-11
IMPDH2,mRNA,0.002136752136752137,0.0,0.35374149659863946,1,528,1.1175727010481749e-11
PRRC2A,mRNA,0.002136752136752137,0.0,0.3870967741935484,1,529,1.1061151994340436e-11
ELOVL5,mRNA,0.002136752136752137,0.0,0.3870967741935484,1,673,2.031857126993941e-09
WDR1,mRNA,0.002136752136752137,0.0,0.3870967741935484,1,676,1.885421818670352e-09
PEX26,mRNA,0.002136752136752137,0.0,0.35374149659863946,1,677,2.0538009071202623e-09
GLO1,mRNA,0.002136752136752137,0.0,0.3870967741935484,1,680,2.6319311174916042e-09
RELA,mRNA,0.002136752136752137,0.0,0.3870967741935484,1,685,2.588204761622137e-09
TMEM123,mRNA,0.002136752136752137,0.0,0.3870967741935484,1,657,1.0836616048948142e-09
VTI1A,mRNA,0.002136752136752137,0.0,0.3870967741935484,1,658,1.1073046923826266e-09
LSM14A,mRNA,0.002136752136752137,0.0,0.3870967741935484,1,659,1.0894665170013695e-09
RNF115,mRNA,0.002136752136752137,0.0,0.3870967741935484,1,586,1.035056484965935e-10
MAVS,mRNA,0.002136752136752137,0.0,0.3870967741935484,1,592,1.2104073299212814e-10
RHOA,mRNA,0.002136752136752137,0.0,0.35374149659863946,1,566,4.0896619424302116e-11
COPA,mRNA,0.002136752136752137,0.0,0.35374149659863946,1,568,4.358091665324082e-11
ADPGK,mRNA,0.002136752136752137,0.0,0.35374149659863946,1,573,4.9623638531670615e-11
PPT1,mRNA,0.002136752136752137,0.0,0.35374149659863946,1,575,6.866907042990533e-11
PPP1R11,mRNA,0.002136752136752137,0.0,0.3870967741935484,1,670,1.5907206663001714e-09
PLRG1,mRNA,0.002136752136752137,0.0,0.3870967741935484,1,672,1.6508836520046086e-09
NDUFV3,mRNA,0.002136752136752137,0.0,0.35374149659863946,1,599,1.6727041973751966e-10
ASB3,mRNA,0.002136752136752137,0.0,0.35374149659863946,1,602,2.0961321567369848e-10
TFAM,mRNA,0.002136752136752137,0.0,0.3870967741935484,1,606,2.298856660587489e-10
MYCBP,mRNA,0.002136752136752137,0.0,0.2706766917293233,1,609,2.45429232492711e-10
SOX4,mRNA,0.002136752136752137,0.0,0.3870967741935484,1,610,2.75459210996587e-10
TSR1,mRNA,0.002136752136752137,0.0,0.3870967741935484,1,611,2.6175106526693526e-10
PAIP1,mRNA,0.002136752136752137,0.0,0.3870967741935484,1,577,7.545275515496995e-11
LZIC,mRNA,0.002136752136752137,0.0,0.3870967741935484,2,578,1.563248419600427e-10
RBMS1,mRNA,0.002136752136752137,0.0,0.35374149659863946,1,525,7.931877377131968e-12
WDR33,mRNA,0.002136752136752137,0.0,0.3870967741935484,1,527,7.947642544081646e-12
CNOT7,mRNA,0.002136752136752137,0.0,0.3870967741935484,1,612,2.5652235891016057e-10
AP2B1,mRNA,0.002136752136752137,0.0,0.3870967741935484,1,616,2.7205082631098776e-10
NPLOC4,mRNA,0.002136752136752137,0.0,0.3870967741935484,1,617,2.905873319747343e-10
EIF3F,mRNA,0.002136752136752137,0.0,0.3870967741935484,1,620,3.2074876088472587e-10
GANAB,mRNA,0.002136752136752137,0.0,0.35374149659863946,1,626,4.4934145293495926e-10
PPP2R5E,mRNA,0.002136752136752137,0.0,0.35374149659863946,1,598,1.5292034305502966e-10
ETF1,mRNA,0.002136752136752137,0.0,0.3870967741935484,1,756,9.613081264348013e-08
CCT3,mRNA,0.002136752136752137,0.0,0.2706766917293233,1,14,0.0
RPS7,mRNA,0.002136752136752137,0.0,0.35374149659863946,1,12,0.0
BSG,mRNA,0.002136752136752137,0.0,0.3870967741935484,1,10,0.0
MAP3K2,mRNA,0.002136752136752137,0.0,0.3870967741935484,1,843,0.0004547451565648
CYCS,mRNA,0.002136752136752137,0.0,0.2706766917293233,1,38,0.0
RPS3,mRNA,0.002136752136752137,0.0,0.3870967741935484,1,39,0.0
SON,mRNA,0.002136752136752137,0.0,0.35374149659863946,1,702,6.657917106522859e-09
UBC,mRNA,0.002136752136752137,0.0,0.3870967741935484,1,771,2.2695356105550962e-07
FBXW2,mRNA,0.002136752136752137,0.0,0.3870967741935484,1,773,2.394212041956223e-07
CLTC,mRNA,0.002136752136752137,0.0,0.3870967741935484,1,775,3.028544095506902e-07
IPO7,mRNA,0.002136752136752137,0.0,0.3870967741935484,1,783,5.288186848417809e-07
USP48,mRNA,0.002136752136752137,0.0,0.3870967741935484,1,784,5.020635247543481e-07
RLIM,mRNA,0.002136752136752137,0.0,0.3870967741935484,1,787,6.41275907042882e-07
KLHDC10,mRNA,0.002136752136752137,0.0,0.3870967741935484,1,788,7.479907111473949e-07
ANP32A,mRNA,0.002136752136752137,0.0,0.3870967741935484,1,790,7.092415132969876e-07
STAT3,mRNA,0.002136752136752137,0.0,0.3870967741935484,1,839,0.0001467542522339
SETD2,mRNA,0.002136752136752137,0.0,0.3870967741935484,1,794,8.739438881466555e-07
FNBP1L,mRNA,0.002136752136752137,0.0,0.3870967741935484,1,795,1.0585685410458012e-06
ITCH,mRNA,0.002136752136752137,0.0,0.3870967741935484,1,797,1.1451817476526571e-06
GPN1,mRNA,0.002136752136752137,0.0,0.2706766917293233,1,799,1.7250208674823853e-06
RAP1B,mRNA,0.002136752136752137,0.0,0.2706766917293233,1,805,2.4625269414713102e-06
SLC15A4,mRNA,0.002136752136752137,0.0,0.2706766917293233,1,807,3.350026867465772e-06
WIPF2,mRNA,0.002136752136752137,0.0,0.3870967741935484,1,823,1.034089509865943e-05
YTHDF2,mRNA,0.002136752136752137,0.0,0.3870967741935484,1,639,5.831433114167338e-10
DHX40,mRNA,0.002136752136752137,0.0,0.3870967741935484,1,640,7.311271588150702e-10
FBXO21,mRNA,0.002136752136752137,0.0,0.3870967741935484,1,827,1.2530172468494529e-05
JMJD1C,mRNA,0.002136752136752137,0.0,0.35374149659863946,1,829,2.2393199666570496e-05
PAFAH1B1,mRNA,0.002136752136752137,0.0,0.3870967741935484,1,832,3.2322015989239006e-05
AP1G1,mRNA,0.002136752136752137,0.0,0.3870967741935484,1,835,6.437271077963658e-05
CRK,mRNA,0.002136752136752137,0.0,0.3870967741935484,1,836,6.654006716622085e-05
HNRNPF,mRNA,0.002136752136752137,0.0,0.3870967741935484,1,837,0.0001013449200748
UBL3,mRNA,0.002136752136752137,0.0,0.35374149659863946,1,320,3.996802888650564e-15
MAPKAPK5,mRNA,0.002136752136752137,0.0,0.3870967741935484,1,321,3.774758283725532e-15
HNRNPM,mRNA,0.002136752136752137,0.0,0.35374149659863946,1,326,4.440892098500626e-15
MFN1,mRNA,0.002136752136752137,0.0,0.3870967741935484,1,327,4.440892098500626e-15
POLR3A,mRNA,0.002136752136752137,0.0,0.3870967741935484,1,330,5.551115123125783e-15
RPL19,mRNA,0.002136752136752137,0.0,0.35374149659863946,1,309,2.4424906541753444e-15
CLIC1,mRNA,0.002136752136752137,0.0,0.3870967741935484,1,315,3.996802888650564e-15
MED13,mRNA,0.002136752136752137,0.0,0.25870646766169153,1,318,3.3306690738754696e-15
CLTA,mRNA,0.002136752136752137,0.0,0.3870967741935484,1,59,0.0
CBX3,mRNA,0.002136752136752137,0.0,0.3870967741935484,1,63,0.0
SSRP1,mRNA,0.002136752136752137,0.0,0.3870967741935484,1,64,0.0
PSAP,mRNA,0.002136752136752137,0.0,0.35374149659863946,2,43,8.182343691487405e-14
CHRAC1,mRNA,0.002136752136752137,0.0,0.3870967741935484,1,50,0.0
TUBB,mRNA,0.002136752136752137,0.0,0.3870967741935484,1,25,0.0
SF3B3,mRNA,0.002136752136752137,0.0,0.3870967741935484,1,235,0.0
HNRNPK,mRNA,0.002136752136752137,0.0,0.35374149659863946,1,239,0.0
CDC73,mRNA,0.002136752136752137,0.0,0.35374149659863946,1,765,1.6336827446394866e-07
DDX17,mRNA,0.002136752136752137,0.0,0.3870967741935484,1,766,1.6565465732476525e-07
SCAF4,mRNA,0.002136752136752137,0.0,0.3870967741935484,1,768,1.9244591542566525e-07
THADA,mRNA,0.002136752136752137,0.0,0.3870967741935484,1,770,1.9971837339483045e-07
TPM3,mRNA,0.002136752136752137,0.0,0.35374149659863946,2,67,3.161915174132446e-12
PPIA,mRNA,0.002136752136752137,0.0,0.3870967741935484,1,74,0.0
CAT,mRNA,0.002136752136752137,0.0,0.35374149659863946,1,51,0.0
YWHAQ,mRNA,0.002136752136752137,0.0,0.25870646766169153,1,58,0.0
PAWR,mRNA,0.002136752136752137,0.0,0.3870967741935484,1,706,9.788015953304809e-09
RCC2,mRNA,0.002136752136752137,0.0,0.3870967741935484,1,712,1.3129953346791012e-08
TMBIM6,mRNA,0.002136752136752137,0.0,0.3870967741935484,1,717,1.2362028511958556e-08
ICMT,mRNA,0.002136752136752137,0.0,0.3870967741935484,1,718,1.2550312344927761e-08
ITFG1,mRNA,0.002136752136752137,0.0,0.35374149659863946,1,686,2.78560108313286e-09
ABI2,mRNA,0.002136752136752137,0.0,0.3870967741935484,1,757,1.0112144810392465e-07
SEC62,mRNA,0.002136752136752137,0.0,0.35374149659863946,1,758,1.0505187231224512e-07
PTP4A2,mRNA,0.002136752136752137,0.0,0.3870967741935484,1,764,1.5626509730637397e-07
