source,target,source_type,target_type,miRNA,score,rank,mediation_pvalue,adjusted_pvalue
NORAD,RPS2,lncRNA,mRNA,hsa-miR-22-3p,0.99823904,1,0.0,0.0
NORAD,RPS8,lncRNA,mRNA,hsa-miR-30e-5p,0.99823904,2,0.0,0.0
NORAD,RPL24,lncRNA,mRNA,hsa-miR-22-3p,0.99823904,3,0.0,0.0
NORAD,ENO1,lncRNA,mRNA,hsa-miR-22-3p,0.99823904,4,0.0,0.0
NORAD,EEF1A1,lncRNA,mRNA,hsa-miR-30e-5p,0.99813783,5,0.0,0.0
RPS8,OIP5-AS1,mRNA,lncRNA,hsa-miR-30e-5p,0.99804074,6,0.0,0.0
RPS2,FGD5-AS1,mRNA,lncRNA,hsa-miR-22-3p,0.99823904,7,0.0,0.0
NORAD,RPS4X,lncRNA,mRNA,hsa-miR-22-3p,0.99823904,8,0.0,0.0
NORAD,RPL35A,lncRNA,mRNA,hsa-miR-22-3p,0.99823904,9,0.0,0.0
NORAD,BSG,lncRNA,mRNA,hsa-miR-22-3p,0.99823904,10,0.0,0.0
RPS2,OIP5-AS1,mRNA,lncRNA,hsa-miR-22-3p,0.99804074,11,0.0,0.0
OIP5-AS1,RPS7,lncRNA,mRNA,hsa-miR-30e-5p,0.99804074,12,0.0,0.0
ENO1,FGD5-AS1,mRNA,lncRNA,hsa-miR-22-3p,0.99823904,13,0.0,0.0
FGD5-AS1,CCT3,lncRNA,mRNA,hsa-miR-151a-5p,0.99823904,14,0.0,0.0
OIP5-AS1,RPS4X,lncRNA,mRNA,hsa-miR-29a-3p,0.99823904,15,0.0,0.0
NORAD,ARPC5,lncRNA,mRNA,hsa-miR-22-3p,0.99823904,16,0.0,0.0
OIP5-AS1,LDHA,lncRNA,mRNA,hsa-miR-23a-3p,0.99804074,17,0.0,0.0
EEF1A1,OIP5-AS1,mRNA,lncRNA,hsa-miR-30e-5p,0.9925775,18,0.0,0.0
NORAD,RPLP0,lncRNA,mRNA,hsa-miR-30e-5p,0.99823904,19,0.0,0.0
RPS4X,EBLN3P,mRNA,lncRNA,hsa-miR-29a-3p,0.99804074,20,0.0,0.0
OIP5-AS1,PKM,lncRNA,mRNA,hsa-miR-23a-3p,0.99804074,21,0.0,0.0
NORAD,RPL7A,lncRNA,mRNA,hsa-miR-25-3p,0.99823904,22,0.0,0.0
OIP5-AS1,YWHAZ,lncRNA,mRNA,hsa-miR-22-3p,0.99804074,23,0.0,0.0
OIP5-AS1,APLP2,lncRNA,mRNA,hsa-miR-30e-5p,0.99804074,24,0.0,0.0
NORAD,TUBB,lncRNA,mRNA,hsa-miR-25-3p,0.99823904,25,0.0,0.0
OIP5-AS1,RPLP0,lncRNA,mRNA,hsa-miR-30e-5p,0.99804074,26,0.0,0.0
NORAD,YBX1,lncRNA,mRNA,hsa-miR-25-3p,0.99823904,27,0.0,0.0
OIP5-AS1,RPSA,lncRNA,mRNA,hsa-miR-22-3p,0.99804074,28,0.0,0.0
NORAD,TPD52L2,lncRNA,mRNA,hsa-miR-22-3p,0.99823904,29,0.0,0.0
RPL24,OIP5-AS1,mRNA,lncRNA,hsa-miR-22-3p,0.99804074,30,0.0,0.0
FGD5-AS1,RPS4X,lncRNA,mRNA,hsa-miR-22-3p,0.99332494,31,0.0,0.0
NORAD,YWHAZ,lncRNA,mRNA,hsa-miR-22-3p,0.9944112,32,0.0,0.0
NORAD,BTF3,lncRNA,mRNA,hsa-miR-22-3p,0.99823904,33,0.0,0.0
FGD5-AS1,YWHAZ,lncRNA,mRNA,hsa-miR-22-3p,0.9937645,35,0.0,0.0
OIP5-AS1,RPL35A,lncRNA,mRNA,hsa-miR-22-3p,0.99804074,37,0.0,0.0
FGD5-AS1,CYCS,lncRNA,mRNA,hsa-miR-22-3p,0.99823904,38,0.0,0.0
NORAD,RPS3,lncRNA,mRNA,hsa-miR-182-5p,0.99799216,39,0.0,0.0
FGD5-AS1,SNRNP200,lncRNA,mRNA,hsa-miR-151a-5p,0.99823904,40,0.0,0.0
OIP5-AS1,YBX1,lncRNA,mRNA,hsa-miR-25-3p,0.99804074,41,0.0,0.0
FGD5-AS1,HIF1A,lncRNA,mRNA,hsa-miR-22-3p,0.99819523,42,0.0,0.0
OIP5-AS1,PSAP,lncRNA,mRNA,hsa-miR-23a-3p,0.99804074,43,0.0,0.0
NORAD,SRSF7,lncRNA,mRNA,hsa-miR-22-3p,0.99823904,44,0.0,0.0
NORAD,HMGB1,lncRNA,mRNA,hsa-miR-22-3p,0.99813783,45,0.0,0.0
NORAD,MAX,lncRNA,mRNA,hsa-miR-22-3p,0.99823904,46,0.0,0.0
NORAD,ARPC3,lncRNA,mRNA,hsa-miR-25-3p,0.9981494,47,0.0,0.0
NORAD,CREG1,lncRNA,mRNA,hsa-miR-30e-5p,0.99823904,48,0.0,0.0
NORAD,CHRAC1,lncRNA,mRNA,hsa-miR-25-3p,0.99823904,50,0.0,0.0
OIP5-AS1,CAT,lncRNA,mRNA,hsa-miR-30a-5p,0.0036212313,51,0.0,0.0
RPL24,FGD5-AS1,mRNA,lncRNA,hsa-miR-22-3p,0.00091631716,52,0.0,0.0
OIP5-AS1,ARPC5,lncRNA,mRNA,hsa-miR-22-3p,0.99804074,53,0.0,0.0
NORAD,HSP90AA1,lncRNA,mRNA,hsa-miR-25-3p,0.9937645,56,0.0,0.0
EBLN3P,YWHAQ,lncRNA,mRNA,hsa-miR-151a-3p,0.99804074,58,0.0,0.0
NORAD,CLTA,lncRNA,mRNA,hsa-miR-25-3p,0.9981494,59,0.0,0.0
OIP5-AS1,HSP90AA1,lncRNA,mRNA,hsa-miR-25-3p,0.99804074,60,0.0,0.0
FGD5-AS1,TPD52L2,lncRNA,mRNA,hsa-miR-22-3p,0.99823904,61,0.0,0.0
OIP5-AS1,NAP1L1,lncRNA,mRNA,hsa-miR-30e-5p,0.99804074,62,0.0,0.0
NORAD,CBX3,lncRNA,mRNA,hsa-miR-30e-5p,0.99823904,63,0.0,0.0
NORAD,SSRP1,lncRNA,mRNA,hsa-miR-25-3p,0.99823904,64,0.0,0.0
NORAD,ACP1,lncRNA,mRNA,hsa-miR-25-3p,0.99823904,65,0.0,0.0
OIP5-AS1,TMED4,lncRNA,mRNA,hsa-miR-22-3p,0.99804074,66,0.0,0.0
OIP5-AS1,TPM3,lncRNA,mRNA,hsa-miR-23a-3p,0.99804074,67,0.0,0.0
EBLN3P,MCL1,lncRNA,mRNA,hsa-miR-29a-3p,0.99804074,68,0.0,0.0
FGD5-AS1,HNRNPA3,lncRNA,mRNA,hsa-miR-22-3p,0.99823904,69,0.0,0.0
NORAD,APLP2,lncRNA,mRNA,hsa-miR-30e-5p,0.9796922,70,0.0,0.0
FGD5-AS1,TMED4,lncRNA,mRNA,hsa-miR-22-3p,0.99823904,71,0.0,0.0
NORAD,EIF1,lncRNA,mRNA,hsa-miR-25-3p,0.99281824,72,0.0,0.0
NORAD,PPIA,lncRNA,mRNA,hsa-miR-106b-5p,0.99799216,74,0.0,0.0
NORAD,HNRNPA1,lncRNA,mRNA,hsa-miR-25-3p,0.98128957,75,0.0,0.0
OIP5-AS1,EIF3E,lncRNA,mRNA,hsa-miR-29a-3p,0.99812,76,0.0,0.0
FGD5-AS1,RPL35A,lncRNA,mRNA,hsa-miR-22-3p,0.00091631716,77,0.0,0.0
OIP5-AS1,RPL7A,lncRNA,mRNA,hsa-miR-25-3p,0.0008235144,78,0.0,0.0
NORAD,MSH6,lncRNA,mRNA,hsa-miR-106b-5p,0.99804074,79,0.0,0.0
NORAD,TMED4,lncRNA,mRNA,hsa-miR-22-3p,0.99823904,80,0.0,0.0
NORAD,AKT2,lncRNA,mRNA,hsa-miR-22-3p,0.99823904,81,0.0,0.0
NORAD,TANK,lncRNA,mRNA,hsa-miR-30e-5p,0.99823904,82,0.0,0.0
NORAD,PRPF4,lncRNA,mRNA,hsa-miR-106b-5p,0.99804074,83,0.0,0.0
NORAD,MTHFD1,lncRNA,mRNA,hsa-miR-106b-5p,0.99794096,84,0.0,0.0
FGD5-AS1,EIF4G2,lncRNA,mRNA,hsa-miR-151a-5p,0.00091631716,85,0.0,0.0
FGD5-AS1,NUFIP2,lncRNA,mRNA,hsa-miR-151a-5p,0.99823904,86,0.0,0.0
EBLN3P,PTEN,lncRNA,mRNA,hsa-miR-29a-3p,0.99804074,87,0.0,0.0
EBLN3P,CDC42,lncRNA,mRNA,hsa-miR-29a-3p,0.99804074,88,0.0,0.0
OIP5-AS1,PHB2,lncRNA,mRNA,hsa-miR-25-3p,0.0048715514,89,0.0,0.0
FGD5-AS1,MAX,lncRNA,mRNA,hsa-miR-22-3p,0.99823904,90,0.0,0.0
OIP5-AS1,SRSF7,lncRNA,mRNA,hsa-miR-30e-5p,0.99804074,92,0.0,0.0
OIP5-AS1,TMED2,lncRNA,mRNA,hsa-miR-30e-5p,0.99804074,93,0.0,0.0
OIP5-AS1,BTF3,lncRNA,mRNA,hsa-miR-22-3p,0.0008235144,94,0.0,0.0
OIP5-AS1,CDC42,lncRNA,mRNA,hsa-miR-29a-3p,0.99823904,95,0.0,0.0
NORAD,NAP1L1,lncRNA,mRNA,hsa-miR-30e-5p,0.9922436,96,0.0,0.0
FGD5-AS1,YME1L1,lncRNA,mRNA,hsa-miR-151a-5p,0.98128957,97,0.0,0.0
EBLN3P,SEC31A,lncRNA,mRNA,hsa-miR-29a-3p,0.99804074,98,0.0,0.0
OIP5-AS1,HNRNPA1,lncRNA,mRNA,hsa-miR-25-3p,0.0008235144,99,0.0,0.0
OIP5-AS1,HMGB1,lncRNA,mRNA,hsa-miR-22-3p,0.9944885,100,0.0,0.0
NORAD,STX12,lncRNA,mRNA,hsa-miR-30e-5p,0.99812,102,0.0,0.0
OIP5-AS1,MAX,lncRNA,mRNA,hsa-miR-22-3p,0.99804074,103,0.0,0.0
NORAD,TRRAP,lncRNA,mRNA,hsa-miR-106b-5p,0.99804074,104,0.0,0.0
OIP5-AS1,TPM4,lncRNA,mRNA,hsa-miR-28-5p,0.99804074,105,0.0,0.0
OIP5-AS1,GPBP1L1,lncRNA,mRNA,hsa-miR-30e-5p,0.9920145,106,0.0,0.0
NORAD,PPP1R2,lncRNA,mRNA,hsa-miR-30e-5p,0.99823904,108,0.0,0.0
OIP5-AS1,SERBP1,lncRNA,mRNA,hsa-miR-22-3p,0.9974837,109,0.0,0.0
FGD5-AS1,SERBP1,lncRNA,mRNA,hsa-miR-22-3p,0.9922436,110,0.0,0.0
OIP5-AS1,SDHD,lncRNA,mRNA,hsa-miR-23a-3p,0.99804074,111,0.0,0.0
EBLN3P,PUM1,lncRNA,mRNA,hsa-miR-151a-3p,0.99804074,112,0.0,0.0
FGD5-AS1,SLC39A9,lncRNA,mRNA,hsa-miR-151a-5p,0.9944112,113,0.0,0.0
OIP5-AS1,MCL1,lncRNA,mRNA,hsa-miR-29a-3p,0.9941544,114,0.0,0.0
OIP5-AS1,ARPC3,lncRNA,mRNA,hsa-miR-25-3p,0.99794096,115,0.0,0.0
NORAD,SZRD1,lncRNA,mRNA,hsa-miR-25-3p,0.99823904,116,0.0,0.0
NORAD,MBNL1,lncRNA,mRNA,hsa-miR-30e-5p,0.9969639,117,0.0,0.0
NORAD,SUPT16H,lncRNA,mRNA,hsa-miR-25-3p,0.99812,118,0.0,0.0
NORAD,ATG12,lncRNA,mRNA,hsa-miR-30e-5p,0.9981494,120,0.0,0.0
OIP5-AS1,PPP1R2,lncRNA,mRNA,hsa-miR-30e-5p,0.99804074,121,0.0,0.0
EBLN3P,CNBP,lncRNA,mRNA,hsa-miR-29a-3p,0.9979085,122,0.0,0.0
OIP5-AS1,EIF1,lncRNA,mRNA,hsa-miR-25-3p,0.0008235144,123,0.0,0.0
OIP5-AS1,CNBP,lncRNA,mRNA,hsa-miR-29a-3p,0.9941544,125,0.0,0.0
EBLN3P,TNPO1,lncRNA,mRNA,hsa-miR-151a-3p,0.99804074,126,0.0,0.0
NORAD,GPBP1L1,lncRNA,mRNA,hsa-miR-30e-5p,0.00091631716,127,0.0,0.0
EBLN3P,ACP1,lncRNA,mRNA,hsa-miR-151a-3p,0.99804074,128,0.0,0.0
FGD5-AS1,PRKACA,lncRNA,mRNA,hsa-miR-22-3p,0.99823904,129,0.0,0.0
OIP5-AS1,GLUL,lncRNA,mRNA,hsa-miR-29a-3p,0.9977381,130,0.0,0.0
FGD5-AS1,ARPC5,lncRNA,mRNA,hsa-miR-22-3p,0.00091631716,131,0.0,0.0
OIP5-AS1,NPM1,lncRNA,mRNA,hsa-miR-25-3p,0.0008235144,132,0.0,0.0
NORAD,FKBP1A,lncRNA,mRNA,hsa-miR-25-3p,0.9937645,133,0.0,0.0
OIP5-AS1,MED29,lncRNA,mRNA,hsa-miR-30e-5p,0.99804074,134,0.0,0.0
FGD5-AS1,RBM39,lncRNA,mRNA,hsa-miR-22-3p,0.99823904,135,0.0,0.0
EBLN3P,EIF3E,lncRNA,mRNA,hsa-miR-29a-3p,0.0008235144,136,0.0,0.0
EBLN3P,SH3GLB1,lncRNA,mRNA,hsa-miR-29a-3p,0.99804074,137,0.0,0.0
OIP5-AS1,ZCRB1,lncRNA,mRNA,hsa-miR-30e-5p,0.99794096,138,0.0,0.0
NORAD,MTPAP,lncRNA,mRNA,hsa-miR-106b-5p,0.99794096,139,0.0,0.0
FGD5-AS1,RAB5B,lncRNA,mRNA,hsa-miR-22-3p,0.9796922,140,0.0,0.0
OIP5-AS1,MBNL1,lncRNA,mRNA,hsa-miR-30e-5p,0.99653494,141,0.0,0.0
OIP5-AS1,STX12,lncRNA,mRNA,hsa-miR-30e-5p,0.99644804,142,0.0,0.0
FGD5-AS1,LONP2,lncRNA,mRNA,hsa-miR-22-3p,0.99823904,143,0.0,0.0
EBLN3P,MLEC,lncRNA,mRNA,hsa-miR-151a-3p,0.99794096,145,0.0,0.0
NORAD,NAA50,lncRNA,mRNA,hsa-miR-106b-5p,0.0008235144,146,0.0,0.0
OIP5-AS1,SRPRA,lncRNA,mRNA,hsa-miR-30e-5p,0.99804074,147,0.0,0.0
NORAD,PCBP2,lncRNA,mRNA,hsa-miR-106b-5p,0.9974837,149,0.0,0.0
FGD5-AS1,HMGB1,lncRNA,mRNA,hsa-miR-22-3p,0.00091631716,150,0.0,0.0
OIP5-AS1,CSDE1,lncRNA,mRNA,hsa-miR-23a-3p,0.0008235144,151,0.0,0.0
OIP5-AS1,ARF1,lncRNA,mRNA,hsa-miR-25-3p,0.0025622733,152,0.0,0.0
NORAD,SERBP1,lncRNA,mRNA,hsa-miR-22-3p,0.98128957,153,0.0,0.0
OIP5-AS1,CAP1,lncRNA,mRNA,hsa-miR-23b-3p,0.9974837,154,0.0,0.0
OIP5-AS1,FKBP1A,lncRNA,mRNA,hsa-miR-25-3p,0.0020067894,155,0.0,0.0
OIP5-AS1,HNRNPA3,lncRNA,mRNA,hsa-miR-22-3p,0.9934994,156,0.0,0.0
OIP5-AS1,SEC31A,lncRNA,mRNA,hsa-miR-29a-3p,0.00091631716,157,0.0,0.0
OIP5-AS1,TMED7,lncRNA,mRNA,hsa-miR-23a-3p,0.0008235144,158,0.0,0.0
NORAD,ZFAND5,lncRNA,mRNA,hsa-miR-30d-5p,0.0008235144,159,0.0,0.0
OIP5-AS1,CANX,lncRNA,mRNA,hsa-miR-30e-5p,0.0008235144,160,0.0,0.0
OIP5-AS1,MCFD2,lncRNA,mRNA,hsa-miR-23a-3p,0.9972887,161,0.0,0.0
OIP5-AS1,RPL22,lncRNA,mRNA,hsa-miR-29a-3p,0.00091631716,163,0.0,0.0
NORAD,U2SURP,lncRNA,mRNA,hsa-miR-106b-5p,0.99804074,164,0.0,0.0
NORAD,DNM1L,lncRNA,mRNA,hsa-miR-106b-5p,0.99794096,165,0.0,0.0
OIP5-AS1,ACP1,lncRNA,mRNA,hsa-miR-25-3p,0.0008656316,166,0.0,0.0
OIP5-AS1,HSPA8,lncRNA,mRNA,hsa-miR-25-3p,0.00094297034,167,0.0,0.0
OIP5-AS1,SH3GLB1,lncRNA,mRNA,hsa-miR-29a-3p,0.99812,168,0.0,0.0
OIP5-AS1,SERINC3,lncRNA,mRNA,hsa-miR-23a-3p,0.99251306,169,0.0,0.0
NORAD,CANX,lncRNA,mRNA,hsa-miR-30e-5p,0.00091631716,170,0.0,0.0
NORAD,PTGES3,lncRNA,mRNA,hsa-miR-106b-5p,0.0008656316,171,0.0,0.0
OIP5-AS1,DSTN,lncRNA,mRNA,hsa-miR-23b-3p,0.0008235144,172,0.0,0.0
FGD5-AS1,UBE2Z,lncRNA,mRNA,hsa-miR-151a-5p,0.99406636,173,0.0,0.0
OIP5-AS1,VPS41,lncRNA,mRNA,hsa-miR-30e-5p,0.99794096,174,0.0,0.0
OIP5-AS1,HNRNPC,lncRNA,mRNA,hsa-miR-28-5p,0.0008235144,175,0.0,0.0
NORAD,SRSF2,lncRNA,mRNA,hsa-miR-106b-5p,0.99804074,176,0.0,0.0
OIP5-AS1,ZBTB4,lncRNA,mRNA,hsa-miR-30d-5p,0.0018623229,177,0.0,0.0
NORAD,ANKIB1,lncRNA,mRNA,hsa-miR-106b-5p,0.99794096,178,0.0,0.0
OIP5-AS1,RAB5B,lncRNA,mRNA,hsa-miR-22-3p,0.0008235144,179,0.0,0.0
NORAD,ZNF207,lncRNA,mRNA,hsa-miR-30e-5p,0.99332494,180,0.0,0.0
EBLN3P,DDX6,lncRNA,mRNA,hsa-miR-29a-3p,0.99804074,181,0.0,0.0
EBLN3P,RYBP,lncRNA,mRNA,hsa-miR-151a-3p,0.99804074,182,0.0,0.0
OIP5-AS1,PPP1CB,lncRNA,mRNA,hsa-miR-23b-3p,0.0008235144,183,0.0,0.0
OIP5-AS1,TANK,lncRNA,mRNA,hsa-miR-30e-5p,0.9944885,184,0.0,0.0
OIP5-AS1,EIF4G2,lncRNA,mRNA,hsa-miR-25-3p,0.0008235144,185,0.0,0.0
OIP5-AS1,STARD7,lncRNA,mRNA,hsa-miR-23a-3p,0.0008235144,186,0.0,0.0
NORAD,RNPS1,lncRNA,mRNA,hsa-miR-106b-5p,0.99804074,187,0.0,0.0
NORAD,EIF4G2,lncRNA,mRNA,hsa-miR-28-3p,0.0008235144,188,0.0,0.0
OIP5-AS1,DDX23,lncRNA,mRNA,hsa-miR-25-3p,0.99804074,189,0.0,0.0
NORAD,POFUT1,lncRNA,mRNA,hsa-miR-106b-5p,0.0008235144,190,0.0,0.0
FGD5-AS1,HNRNPC,lncRNA,mRNA,hsa-miR-28-5p,0.00091631716,191,0.0,0.0
OIP5-AS1,SSR1,lncRNA,mRNA,hsa-miR-23a-3p,0.0008235144,192,0.0,0.0
EBLN3P,WDR26,lncRNA,mRNA,hsa-miR-29a-3p,0.9979085,195,0.0,0.0
OIP5-AS1,ZNF207,lncRNA,mRNA,hsa-miR-30e-5p,0.9925775,196,0.0,0.0
OIP5-AS1,UBE2Z,lncRNA,mRNA,hsa-miR-25-3p,0.99804074,197,0.0,0.0
OIP5-AS1,NUCKS1,lncRNA,mRNA,hsa-miR-25-3p,0.0008235144,198,0.0,0.0
FGD5-AS1,SP1,lncRNA,mRNA,hsa-miR-22-3p,0.9947385,199,0.0,0.0
NORAD,HNRNPL,lncRNA,mRNA,hsa-miR-106b-5p,0.0008235144,200,0.0,0.0
NORAD,TIAL1,lncRNA,mRNA,hsa-miR-28-3p,0.99804074,201,0.0,0.0
OIP5-AS1,ATP2A2,lncRNA,mRNA,hsa-miR-25-3p,0.0008235144,202,0.0,0.0
OIP5-AS1,PICALM,lncRNA,mRNA,hsa-miR-30e-5p,0.9972887,203,0.0,0.0
EBLN3P,KBTBD2,lncRNA,mRNA,hsa-miR-151a-3p,0.99804074,204,0.0,0.0
EBLN3P,YY1,lncRNA,mRNA,hsa-miR-29a-3p,0.0017629653,205,0.0,0.0
NORAD,HNRNPA3,lncRNA,mRNA,hsa-miR-22-3p,0.98128957,206,0.0,0.0
OIP5-AS1,UBAP2L,lncRNA,mRNA,hsa-miR-25-3p,0.0025622733,207,0.0,0.0
FGD5-AS1,SRSF7,lncRNA,mRNA,hsa-miR-22-3p,0.9941544,209,0.0,0.0
NORAD,UBXN4,lncRNA,mRNA,hsa-miR-30e-5p,0.00091631716,210,0.0,0.0
OIP5-AS1,STX7,lncRNA,mRNA,hsa-miR-30a-5p,0.0008656316,211,0.0,0.0
OIP5-AS1,PDCD6IP,lncRNA,mRNA,hsa-miR-23a-3p,0.0008235144,212,0.0,0.0
OIP5-AS1,WASL,lncRNA,mRNA,hsa-miR-25-3p,0.0008235144,213,0.0,0.0
OIP5-AS1,DHX9,lncRNA,mRNA,hsa-miR-25-3p,0.0008235144,214,0.0,0.0
OIP5-AS1,PTEN,lncRNA,mRNA,hsa-miR-29a-3p,0.00091631716,215,0.0,0.0
NORAD,HNRNPR,lncRNA,mRNA,hsa-miR-106b-5p,0.0008235144,216,0.0,0.0
OIP5-AS1,RBM39,lncRNA,mRNA,hsa-miR-22-3p,0.99804074,217,0.0,0.0
OIP5-AS1,ZFAND5,lncRNA,mRNA,hsa-miR-30d-5p,0.0008235144,218,0.0,0.0
EBLN3P,UHMK1,lncRNA,mRNA,hsa-miR-151a-3p,0.0008235144,219,0.0,0.0
FGD5-AS1,DDX6,lncRNA,mRNA,hsa-miR-22-3p,0.11617394,220,0.0,0.0
OIP5-AS1,UBXN4,lncRNA,mRNA,hsa-miR-30e-5p,0.0008235144,221,0.0,0.0
EBLN3P,PTBP3,lncRNA,mRNA,hsa-miR-29a-3p,0.0008235144,222,0.0,0.0
OIP5-AS1,ELOA,lncRNA,mRNA,hsa-miR-25-3p,0.0008235144,223,0.0,0.0
NORAD,PPP6R3,lncRNA,mRNA,hsa-miR-106b-5p,0.0008235144,224,0.0,0.0
OIP5-AS1,YY1,lncRNA,mRNA,hsa-miR-29a-3p,0.11617394,225,0.0,0.0
OIP5-AS1,VAMP3,lncRNA,mRNA,hsa-miR-30a-5p,0.0008235144,226,0.0,0.0
OIP5-AS1,DDX5,lncRNA,mRNA,hsa-miR-23a-3p,0.9913762,228,0.0,0.0
NORAD,DHX9,lncRNA,mRNA,hsa-miR-25-3p,0.00091631716,230,0.0,0.0
OIP5-AS1,MORF4L1,lncRNA,mRNA,hsa-miR-28-5p,0.0008235144,231,0.0,0.0
OIP5-AS1,SMU1,lncRNA,mRNA,hsa-miR-25-3p,0.0008656316,232,0.0,0.0
OIP5-AS1,WDR26,lncRNA,mRNA,hsa-miR-29a-3p,0.00091631716,233,0.0,0.0
OIP5-AS1,KCTD10,lncRNA,mRNA,hsa-miR-22-3p,0.9979085,234,0.0,0.0
NORAD,SF3B3,lncRNA,mRNA,hsa-miR-106b-5p,0.0008235144,235,0.0,0.0
OIP5-AS1,DDX6,lncRNA,mRNA,hsa-miR-29a-3p,0.00091631716,236,0.0,0.0
OIP5-AS1,FUBP1,lncRNA,mRNA,hsa-miR-22-3p,0.9979085,237,0.0,0.0
OIP5-AS1,ZDHHC5,lncRNA,mRNA,hsa-miR-25-3p,0.0008656316,238,0.0,0.0
OIP5-AS1,HNRNPK,lncRNA,mRNA,hsa-miR-23b-3p,0.0008235144,239,0.0,0.0
EBLN3P,VHL,lncRNA,mRNA,hsa-miR-29a-3p,0.0044394284,240,0.0,0.0
OIP5-AS1,TSPYL1,lncRNA,mRNA,hsa-miR-30a-5p,0.0008235144,241,0.0,0.0
OIP5-AS1,SMARCA5,lncRNA,mRNA,hsa-miR-25-3p,0.0008235144,242,0.0,0.0
OIP5-AS1,KIF5B,lncRNA,mRNA,hsa-miR-25-3p,0.0008235144,244,0.0,0.0
OIP5-AS1,DDX3X,lncRNA,mRNA,hsa-miR-25-3p,0.0008235144,246,0.0,0.0
RPS4X,GAS5,mRNA,lncRNA,hsa-miR-29a-3p,0.0008235144,247,0.0,0.0
OIP5-AS1,G3BP1,lncRNA,mRNA,hsa-miR-28-5p,0.0008235144,248,0.0,0.0
OIP5-AS1,EIF4EBP2,lncRNA,mRNA,hsa-miR-25-3p,0.0008235144,249,0.0,0.0
CDC42,GAS5,mRNA,lncRNA,hsa-miR-29a-3p,0.99804074,251,0.0,0.0
GAS5,BCAP31,lncRNA,mRNA,hsa-miR-29a-3p,0.0027305202,252,0.0,0.0
CNBP,GAS5,mRNA,lncRNA,hsa-miR-29a-3p,0.0008235144,253,0.0,0.0
WDR26,GAS5,mRNA,lncRNA,hsa-miR-29a-3p,0.99804074,254,0.0,0.0
GAS5,OAZ1,lncRNA,mRNA,hsa-miR-29a-3p,0.0008656316,255,0.0,0.0
RPL22,GAS5,mRNA,lncRNA,hsa-miR-29a-3p,0.0008235144,256,0.0,0.0
MORF4L1,GAS5,mRNA,lncRNA,hsa-miR-29a-3p,0.00311997,257,0.0,0.0
YY1,GAS5,mRNA,lncRNA,hsa-miR-29a-3p,0.0025622733,258,0.0,0.0
NORAD,NPM1,lncRNA,mRNA,hsa-miR-25-3p,0.99823904,259,2.220446049250313e-16,6.692833836392787e-16
OIP5-AS1,PABPC1,lncRNA,mRNA,hsa-miR-200c-3p,0.0024382076,261,2.220446049250313e-16,6.692833836392787e-16
OIP5-AS1,ATG5,lncRNA,mRNA,hsa-miR-30e-5p,0.99794096,262,2.220446049250313e-16,6.692833836392787e-16
NORAD,ARF1,lncRNA,mRNA,hsa-miR-25-3p,0.9947608,263,2.220446049250313e-16,6.692833836392787e-16
NORAD,CBX1,lncRNA,mRNA,hsa-miR-106b-5p,0.99794096,264,2.220446049250313e-16,6.692833836392787e-16
OIP5-AS1,MRPS16,lncRNA,mRNA,hsa-miR-25-3p,0.002968981,266,2.220446049250313e-16,6.692833836392787e-16
NORAD,CASP2,lncRNA,mRNA,hsa-miR-106b-5p,0.99794096,268,2.220446049250313e-16,6.692833836392787e-16
OIP5-AS1,STAU1,lncRNA,mRNA,hsa-miR-30e-5p,0.99794096,269,2.220446049250313e-16,6.692833836392787e-16
NORAD,EMC1,lncRNA,mRNA,hsa-miR-106b-5p,0.0020781534,270,2.220446049250313e-16,6.692833836392787e-16
NORAD,GNAS,lncRNA,mRNA,hsa-miR-106b-5p,0.0008235144,271,2.220446049250313e-16,6.692833836392787e-16
NORAD,RBBP7,lncRNA,mRNA,hsa-miR-106b-5p,0.99794096,272,2.220446049250313e-16,6.692833836392787e-16
FGD5-AS1,FUBP1,lncRNA,mRNA,hsa-miR-22-3p,0.99823904,273,2.220446049250313e-16,6.692833836392787e-16
OIP5-AS1,XPO1,lncRNA,mRNA,hsa-miR-30e-5p,0.99794096,274,2.220446049250313e-16,6.692833836392787e-16
NORAD,RAD23B,lncRNA,mRNA,hsa-miR-106b-5p,0.0008235144,275,2.220446049250313e-16,6.692833836392787e-16
OIP5-AS1,LONP2,lncRNA,mRNA,hsa-miR-22-3p,0.0008656316,276,2.220446049250313e-16,6.692833836392787e-16
OIP5-AS1,STT3B,lncRNA,mRNA,hsa-miR-23a-3p,0.0008235144,277,2.220446049250313e-16,6.692833836392787e-16
OIP5-AS1,HNRNPH1,lncRNA,mRNA,hsa-miR-30d-5p,0.99794096,278,2.220446049250313e-16,6.692833836392787e-16
OIP5-AS1,MAPK1,lncRNA,mRNA,hsa-miR-28-5p,0.0008235144,279,2.220446049250313e-16,6.692833836392787e-16
OIP5-AS1,TXLNA,lncRNA,mRNA,hsa-miR-25-3p,0.005367907,281,2.220446049250313e-16,6.692833836392787e-16
OIP5-AS1,SP1,lncRNA,mRNA,hsa-miR-22-3p,0.0008235144,282,2.220446049250313e-16,6.692833836392787e-16
NORAD,UBE2V2,lncRNA,mRNA,hsa-miR-106b-5p,0.99794096,283,4.440892098500626e-16,1.3106799596269209e-15
NORAD,CYB5B,lncRNA,mRNA,hsa-miR-28-3p,0.99804074,285,4.440892098500626e-16,1.3106799596269209e-15
FGD5-AS1,BTF3,lncRNA,mRNA,hsa-miR-22-3p,0.00091631716,286,4.440892098500626e-16,1.3106799596269209e-15
OIP5-AS1,HNRNPUL1,lncRNA,mRNA,hsa-miR-23a-3p,0.9972887,287,4.440892098500626e-16,1.3106799596269209e-15
OIP5-AS1,EIF4B,lncRNA,mRNA,hsa-miR-25-3p,0.0008235144,288,4.440892098500626e-16,1.3106799596269209e-15
NORAD,ZCRB1,lncRNA,mRNA,hsa-miR-30e-5p,0.9981494,289,6.661338147750939e-16,1.9258970835334347e-15
NORAD,FAM8A1,lncRNA,mRNA,hsa-miR-30d-5p,0.0008656316,290,6.661338147750939e-16,1.9258970835334347e-15
NORAD,DNAJC10,lncRNA,mRNA,hsa-miR-106b-5p,0.99794096,291,6.661338147750939e-16,1.9258970835334347e-15
NORAD,RAB5B,lncRNA,mRNA,hsa-miR-22-3p,0.97981125,292,6.661338147750939e-16,1.9258970835334347e-15
OIP5-AS1,VHL,lncRNA,mRNA,hsa-miR-29a-3p,0.9981494,293,6.661338147750939e-16,1.9258970835334347e-15
OIP5-AS1,RNF4,lncRNA,mRNA,hsa-miR-25-3p,0.0025983292,294,6.661338147750939e-16,1.9258970835334347e-15
NORAD,RPL5,lncRNA,mRNA,hsa-miR-182-5p,0.00078357355,295,8.881784197001252e-16,2.541924770185544e-15
EBLN3P,SYNCRIP,lncRNA,mRNA,hsa-miR-29a-3p,0.0034460677,296,8.881784197001252e-16,2.541924770185544e-15
OIP5-AS1,ILF3,lncRNA,mRNA,hsa-miR-200c-3p,0.88840646,297,8.881784197001252e-16,2.541924770185544e-15
NORAD,EIF4H,lncRNA,mRNA,hsa-miR-106b-5p,0.0008235144,298,1.1102230246251563e-15,3.1456319031046105e-15
OIP5-AS1,GPBP1,lncRNA,mRNA,hsa-miR-25-3p,0.0008235144,299,1.1102230246251563e-15,3.1456319031046105e-15
NORAD,WAC,lncRNA,mRNA,hsa-miR-106b-5p,0.0008235144,300,1.1102230246251563e-15,3.1456319031046105e-15
NORAD,VMA21,lncRNA,mRNA,hsa-miR-25-3p,0.9981494,301,1.7763568394002505e-15,4.950502667181026e-15
OIP5-AS1,SDCBP,lncRNA,mRNA,hsa-miR-30a-5p,0.0027813467,303,1.7763568394002505e-15,4.950502667181026e-15
OIP5-AS1,JAK1,lncRNA,mRNA,hsa-miR-30a-5p,0.00078357355,304,1.7763568394002505e-15,4.950502667181026e-15
OIP5-AS1,TEX261,lncRNA,mRNA,hsa-miR-28-5p,0.0020265933,305,1.7763568394002505e-15,4.950502667181026e-15
OIP5-AS1,AKIRIN1,lncRNA,mRNA,hsa-miR-30e-5p,0.99794096,306,1.9984014443252818e-15,5.515068921027563e-15
EBLN3P,MORF4L2,lncRNA,mRNA,hsa-miR-29a-3p,0.002968981,307,1.9984014443252818e-15,5.515068921027563e-15
FGD5-AS1,MORF4L1,lncRNA,mRNA,hsa-miR-28-5p,0.00091631716,308,1.9984014443252818e-15,5.515068921027563e-15
OIP5-AS1,RPL19,lncRNA,mRNA,hsa-miR-23b-3p,0.0024382076,309,2.4424906541753444e-15,6.6756175435660535e-15
NORAD,DDX23,lncRNA,mRNA,hsa-miR-25-3p,0.99823904,311,2.664535259100376e-15,7.259150545626024e-15
OIP5-AS1,PRKAR1A,lncRNA,mRNA,hsa-miR-30d-5p,0.0008235144,312,2.220446049250313e-15,6.0883198124605356e-15
NORAD,ETFA,lncRNA,mRNA,hsa-miR-25-3p,0.9981494,313,3.1086244689504387e-15,8.41506623760469e-15
FGD5-AS1,FKBP1A,lncRNA,mRNA,hsa-miR-151a-5p,0.99518883,314,3.3306690738754696e-15,8.959078205044776e-15
NORAD,CLIC1,lncRNA,mRNA,hsa-miR-25-3p,0.9981494,315,3.996802888650564e-15,1.0517902338554114e-14
OIP5-AS1,SPCS3,lncRNA,mRNA,hsa-miR-25-3p,0.00078357355,316,3.1086244689504387e-15,8.41506623760469e-15
NORAD,MRPS16,lncRNA,mRNA,hsa-miR-25-3p,0.9981494,317,3.996802888650564e-15,1.0517902338554114e-14
EBLN3P,MED13,lncRNA,mRNA,hsa-miR-151a-3p,0.003191937,318,3.3306690738754696e-15,8.959078205044776e-15
NORAD,DNTTIP2,lncRNA,mRNA,hsa-miR-106b-5p,0.00078357355,319,3.774758283725532e-15,1.0089762708071392e-14
OIP5-AS1,UBL3,lncRNA,mRNA,hsa-miR-30a-5p,0.00078357355,320,3.996802888650564e-15,1.0517902338554114e-14
NORAD,MAPKAPK5,lncRNA,mRNA,hsa-miR-106b-5p,0.99632734,321,3.774758283725532e-15,1.0089762708071392e-14
OIP5-AS1,EXOC5,lncRNA,mRNA,hsa-miR-25-3p,0.0037347085,322,3.996802888650564e-15,1.0517902338554114e-14
NORAD,HIF1A,lncRNA,mRNA,hsa-miR-22-3p,0.99819523,323,5.9952043329758445e-15,1.525725653601637e-14
OIP5-AS1,HNRNPM,lncRNA,mRNA,hsa-miR-29a-3p,0.9981494,326,4.440892098500626e-15,1.154360331414536e-14
NORAD,MFN1,lncRNA,mRNA,hsa-miR-106b-5p,0.99794096,327,4.440892098500626e-15,1.154360331414536e-14
GAS5,VDAC1,lncRNA,mRNA,hsa-miR-29a-3p,0.011808289,328,4.218847493575595e-15,1.106796410351622e-14
FGD5-AS1,RPSA,lncRNA,mRNA,hsa-miR-22-3p,0.00091631716,329,5.9952043329758445e-15,1.525725653601637e-14
NORAD,POLR3A,lncRNA,mRNA,hsa-miR-106b-5p,0.0024382076,330,5.551115123125783e-15,1.4255129470262585e-14
OIP5-AS1,PGRMC1,lncRNA,mRNA,hsa-miR-25-3p,0.0025983292,331,5.3290705182007506e-15,1.3810091281922679e-14
NORAD,UBE2Z,lncRNA,mRNA,hsa-miR-25-3p,0.9762415,332,5.551115123125783e-15,1.4255129470262585e-14
OIP5-AS1,YIPF6,lncRNA,mRNA,hsa-miR-28-5p,0.00078357355,333,5.551115123125783e-15,1.4255129470262585e-14
NORAD,ACIN1,lncRNA,mRNA,hsa-miR-106b-5p,0.99794096,335,6.439293542825908e-15,1.633850600418514e-14
GAS5,MORF4L2,lncRNA,mRNA,hsa-miR-29a-3p,0.0019095687,336,5.9952043329758445e-15,1.525725653601637e-14
NORAD,TMED2,lncRNA,mRNA,hsa-miR-30e-5p,0.9969639,337,8.659739592076221e-15,2.1649348980190556e-14
NORAD,RPL9,lncRNA,mRNA,hsa-miR-25-3p,0.9981494,338,1.0880185641326534e-14,2.6651751570972776e-14
OIP5-AS1,ATF7IP,lncRNA,mRNA,hsa-miR-25-3p,0.00082364975,339,7.105427357601002e-15,1.7868678266156367e-14
OIP5-AS1,LRRFIP1,lncRNA,mRNA,hsa-miR-30a-5p,0.00078357355,340,7.105427357601002e-15,1.7868678266156367e-14
OIP5-AS1,MORF4L2,lncRNA,mRNA,hsa-miR-29a-3p,0.9981494,341,8.881784197001252e-15,2.207460984634814e-14
OIP5-AS1,RPL9,lncRNA,mRNA,hsa-miR-25-3p,0.0017720887,342,1.0436096431476471e-14,2.56378091524711e-14
NORAD,PPP3R1,lncRNA,mRNA,hsa-miR-106b-5p,0.00078357355,343,8.881784197001252e-15,2.207460984634814e-14
NORAD,FLOT1,lncRNA,mRNA,hsa-miR-182-5p,0.0048715514,344,9.992007221626407e-15,2.4617988806905644e-14
OIP5-AS1,CS,lncRNA,mRNA,hsa-miR-28-5p,0.0016775371,346,9.547918011776346e-15,2.3592239273284576e-14
OIP5-AS1,CNOT4,lncRNA,mRNA,hsa-miR-25-3p,0.00082364975,347,9.325873406851317e-15,2.3110765002401223e-14
OIP5-AS1,MIER1,lncRNA,mRNA,hsa-miR-30e-5p,0.99794096,348,1.1324274851176595e-14,2.7659866734195714e-14
EBLN3P,COX7A2L,lncRNA,mRNA,hsa-miR-29a-3p,0.0037347085,350,1.376676550535194e-14,3.324360988508281e-14
OIP5-AS1,FAM8A1,lncRNA,mRNA,hsa-miR-30d-5p,0.0008235144,351,1.2656542480726783e-14,3.0737317453193623e-14
NORAD,HNRNPH1,lncRNA,mRNA,hsa-miR-30d-5p,0.99794096,352,1.2656542480726783e-14,3.0737317453193623e-14
NORAD,HSPA8,lncRNA,mRNA,hsa-miR-25-3p,0.9977381,353,1.5765166949677223e-14,3.753611178494577e-14
NORAD,MIER1,lncRNA,mRNA,hsa-miR-30e-5p,0.9981494,354,1.532107773982716e-14,3.6684270644656585e-14
NORAD,PRKACA,lncRNA,mRNA,hsa-miR-22-3p,0.99823904,355,1.5765166949677223e-14,3.753611178494577e-14
OIP5-AS1,REEP5,lncRNA,mRNA,hsa-miR-30a-5p,0.00078357355,356,1.4876988529977098e-14,3.5822776913542584e-14
OIP5-AS1,BSDC1,lncRNA,mRNA,hsa-miR-23b-3p,0.0040965467,358,1.5099033134902132e-14,3.6254740578154834e-14
OIP5-AS1,FAM91A1,lncRNA,mRNA,hsa-miR-23a-3p,0.99794096,359,2.131628207280301e-14,4.99141591236434e-14
NORAD,CRCP,lncRNA,mRNA,hsa-miR-106b-5p,0.99794096,360,2.042810365310288e-14,4.823302251427069e-14
OIP5-AS1,CNOT2,lncRNA,mRNA,hsa-miR-25-3p,0.00078357355,361,1.9761969838327783e-14,4.67901792829488e-14
OIP5-AS1,PRPF8,lncRNA,mRNA,hsa-miR-25-3p,0.00078357355,362,2.0650148258027912e-14,4.8487917180452285e-14
OIP5-AS1,ARID1B,lncRNA,mRNA,hsa-miR-25-3p,0.0025983292,363,2.0650148258027912e-14,4.8487917180452285e-14
NORAD,TBL1XR1,lncRNA,mRNA,hsa-miR-106b-5p,0.0008235144,364,2.1760371282653068e-14,5.081405381938216e-14
NORAD,TPRG1L,lncRNA,mRNA,hsa-miR-30e-5p,0.99802434,365,3.0198066269804264e-14,7.032426391598254e-14
EBLN3P,HDGF,lncRNA,mRNA,hsa-miR-29a-3p,0.011808289,366,3.3306690738754696e-14,7.714083686087599e-14
FGD5-AS1,PTEN,lncRNA,mRNA,hsa-miR-22-3p,0.00091631716,367,3.219646771412954e-14,7.477321736888008e-14
NORAD,ELOA,lncRNA,mRNA,hsa-miR-25-3p,0.99374205,368,3.3528735343679734e-14,7.744408978839069e-14
NORAD,NUCKS1,lncRNA,mRNA,hsa-miR-25-3p,0.00091631716,370,3.5527136788005016e-14,8.16163953237953e-14
FGD5-AS1,G3BP1,lncRNA,mRNA,hsa-miR-28-5p,0.00091631716,371,3.8191672047105385e-14,8.750113541789645e-14
NORAD,EIF2S1,lncRNA,mRNA,hsa-miR-106b-5p,0.0024382076,372,4.2188474935755955e-14,9.613995628791569e-14
NORAD,ZBTB4,lncRNA,mRNA,hsa-miR-30d-5p,0.0008235144,373,4.263256414560601e-14,9.689219124001366e-14
NORAD,SLC1A5,lncRNA,mRNA,hsa-miR-106b-5p,0.0024382076,374,5.10702591327572e-14,1.136380111592765e-13
NORAD,MED29,lncRNA,mRNA,hsa-miR-30e-5p,0.996807,375,4.463096558993129e-14,1.0036063690857567e-13
NORAD,SRPRA,lncRNA,mRNA,hsa-miR-30e-5p,0.00091631716,376,4.307665335545608e-14,9.76404142723671e-14
NORAD,NUP98,lncRNA,mRNA,hsa-miR-106b-5p,0.0008235144,377,4.0634162701280736e-14,9.284687714002319e-14
OIP5-AS1,XIAP,lncRNA,mRNA,hsa-miR-23a-3p,0.0008235144,378,4.3520742565306136e-14,9.838465739497399e-14
OIP5-AS1,CAST,lncRNA,mRNA,hsa-miR-30a-5p,0.00078357355,379,4.596323321948149e-14,1.030837684341933e-13
OIP5-AS1,PPM1A,lncRNA,mRNA,hsa-miR-23b-3p,0.00082364975,380,4.618527782440651e-14,1.033091740809093e-13
OIP5-AS1,CCNT2,lncRNA,mRNA,hsa-miR-200c-3p,0.00082364975,381,4.39648317751562e-14,9.912495227820365e-14
NORAD,PDHA1,lncRNA,mRNA,hsa-miR-22-3p,0.9981494,383,6.417089082333406e-14,1.4167599272684144e-13
FGD5-AS1,TPM4,lncRNA,mRNA,hsa-miR-28-5p,0.00091631716,384,6.106226635438361e-14,1.3551677911547277e-13
NORAD,BTG1,lncRNA,mRNA,hsa-miR-22-3p,0.9981494,385,7.682743330406083e-14,1.657444627118064e-13
OIP5-AS1,VDAC1,lncRNA,mRNA,hsa-miR-29a-3p,0.9981494,386,6.59472476627343e-14,1.4447206317867048e-13
NORAD,ARPC5L,lncRNA,mRNA,hsa-miR-25-3p,0.9981494,387,7.016609515630989e-14,1.5253498947023889e-13
OIP5-AS1,LAMP1,lncRNA,mRNA,hsa-miR-23a-3p,0.99794096,388,6.328271240363392e-14,1.4007892068512717e-13
NORAD,UBAC2,lncRNA,mRNA,hsa-miR-182-5p,0.003191937,389,6.550315845288425e-14,1.438699862660248e-13
NORAD,DNAJB6,lncRNA,mRNA,hsa-miR-106b-5p,0.00082364975,390,6.439293542825908e-14,1.417979148031612e-13
OIP5-AS1,ETFA,lncRNA,mRNA,hsa-miR-25-3p,0.00078357355,391,6.705747068735947e-14,1.4652660690039985e-13
OIP5-AS1,USP9X,lncRNA,mRNA,hsa-miR-28-5p,0.00078357355,392,6.72795152922845e-14,1.466348410216457e-13
OIP5-AS1,PTBP3,lncRNA,mRNA,hsa-miR-29a-3p,0.00091631716,393,7.882583474838611e-14,1.6919686751547525e-13
NORAD,ADAR,lncRNA,mRNA,hsa-miR-106b-5p,0.0008235144,394,7.327471962526033e-14,1.584822180190109e-13
NORAD,XPO1,lncRNA,mRNA,hsa-miR-30e-5p,0.997623,395,8.104628079763644e-14,1.73524782564209e-13
OIP5-AS1,EZR,lncRNA,mRNA,hsa-miR-25-3p,0.011808289,397,9.08162434143378e-14,1.9297392722287637e-13
NORAD,YTHDC1,lncRNA,mRNA,hsa-miR-106b-5p,0.0008235144,398,7.038813976123492e-14,1.526273438700247e-13
NORAD,FAM91A1,lncRNA,mRNA,hsa-miR-106b-5p,0.00082364975,399,9.103828801926285e-14,1.9297392722287637e-13
NORAD,RBM39,lncRNA,mRNA,hsa-miR-22-3p,0.979705,400,8.482103908136197e-14,1.8115046034964242e-13
NORAD,FOXK2,lncRNA,mRNA,hsa-miR-106b-5p,0.014772361,401,9.636735853746361e-14,2.0325621527752865e-13
OIP5-AS1,RPS14,lncRNA,mRNA,hsa-miR-25-3p,0.0021597422,402,1.0680345496894007e-13,2.2305389858378147e-13
OIP5-AS1,MAP1LC3B,lncRNA,mRNA,hsa-miR-30a-5p,0.00078357355,403,9.103828801926285e-14,1.9297392722287637e-13
NORAD,RPS14,lncRNA,mRNA,hsa-miR-25-3p,0.9981494,404,1.3367085216486885e-13,2.74444986328837e-13
FGD5-AS1,CS,lncRNA,mRNA,hsa-miR-28-5p,0.9981494,405,1.0680345496894007e-13,2.2305389858378147e-13
NORAD,RAB10,lncRNA,mRNA,hsa-miR-106b-5p,0.00078357355,406,1.0302869668521453e-13,2.1623306711711693e-13
OIP5-AS1,SNX3,lncRNA,mRNA,hsa-miR-30a-5p,0.0014347716,407,1.0125233984581429e-13,2.1303091304193603e-13
OIP5-AS1,RPS27A,lncRNA,mRNA,hsa-miR-23b-3p,0.00078357355,408,1.1035616864774057e-13,2.29346560759363e-13
OIP5-AS1,GTF2A1,lncRNA,mRNA,hsa-miR-25-3p,0.00078357355,410,1.0724754417879013e-13,2.2343238370581278e-13
FGD5-AS1,RAB14,lncRNA,mRNA,hsa-miR-151a-5p,0.00091631716,411,1.1524114995609125e-13,2.389145791772624e-13
NORAD,TNPO2,lncRNA,mRNA,hsa-miR-25-3p,0.9981494,412,1.3278267374516872e-13,2.732815319210494e-13
OIP5-AS1,ZFP91,lncRNA,mRNA,hsa-miR-22-3p,0.00078357355,414,1.1834977442504169e-13,2.4416822393515884e-13
NORAD,ACTR2,lncRNA,mRNA,hsa-miR-106b-5p,0.0008235144,415,1.3589129821411916e-13,2.7833157465542484e-13
OIP5-AS1,AP3M1,lncRNA,mRNA,hsa-miR-25-3p,0.00078357355,416,1.383337888682945e-13,2.8265317437031333e-13
FGD5-AS1,PRPF8,lncRNA,mRNA,hsa-miR-140-5p,0.00089724106,417,1.5165646516379638e-13,3.083923334670501e-13
NORAD,MKRN1,lncRNA,mRNA,hsa-miR-106b-5p,0.0008235144,418,1.4277468096679513e-13,2.910275271505416e-13
NORAD,RPL7L1,lncRNA,mRNA,hsa-miR-182-5p,0.00078357355,420,1.525446435834965e-13,3.087213024904096e-13
OIP5-AS1,CDC5L,lncRNA,mRNA,hsa-miR-25-3p,0.00078357355,421,1.5210055437364645e-13,3.0855721054319693e-13
NORAD,RPS27A,lncRNA,mRNA,hsa-miR-106b-5p,0.0019095687,422,2.076117056049043e-13,4.152234112098086e-13
FGD5-AS1,TEX261,lncRNA,mRNA,hsa-miR-28-5p,0.99802434,423,1.91402449445377e-13,3.855262607312096e-13
OIP5-AS1,ATG12,lncRNA,mRNA,hsa-miR-30e-5p,0.00078357355,424,1.9784174298820292e-13,3.975543298817316e-13
OIP5-AS1,CREG1,lncRNA,mRNA,hsa-miR-30e-5p,0.0008235144,426,2.184918912462308e-13,4.349370200451902e-13
NORAD,GABPB1,lncRNA,mRNA,hsa-miR-106b-5p,0.0034460677,427,2.1005419625907962e-13,4.1912222258267064e-13
OIP5-AS1,BRD7,lncRNA,mRNA,hsa-miR-200c-3p,0.0013121238,428,2.0672352718520415e-13,4.14422165347697e-13
NORAD,YES1,lncRNA,mRNA,hsa-miR-106b-5p,0.0024382076,429,2.469136006766348e-13,4.85825371701712e-13
FGD5-AS1,MAPK1,lncRNA,mRNA,hsa-miR-28-5p,0.00091631716,430,2.3669954885008337e-13,4.678944570292346e-13
OIP5-AS1,TMEM167A,lncRNA,mRNA,hsa-miR-28-5p,0.00078357355,431,2.295941214924824e-13,4.559696338051637e-13
OIP5-AS1,SETD3,lncRNA,mRNA,hsa-miR-30e-5p,0.00082364975,433,2.5623947408348613e-13,5.030105149444878e-13
FGD5-AS1,USP9X,lncRNA,mRNA,hsa-miR-28-5p,0.9981494,434,3.075317778211684e-13,6.009241635586049e-13
OIP5-AS1,ARFIP1,lncRNA,mRNA,hsa-miR-23b-3p,0.00078357355,435,3.11750625314744e-13,6.068118293632005e-13
NORAD,MFF,lncRNA,mRNA,hsa-miR-25-3p,0.9981494,436,3.801403636316536e-13,7.29388959564121e-13
FGD5-AS1,CSNK2A1,lncRNA,mRNA,hsa-miR-22-3p,0.99802434,437,3.33288951992472e-13,6.453202942906633e-13
NORAD,DDX3X,lncRNA,mRNA,hsa-miR-25-3p,0.00091631716,438,3.11972669919669e-13,6.068118293632005e-13
OIP5-AS1,YIPF4,lncRNA,mRNA,hsa-miR-25-3p,0.00078357355,439,3.0619951019161817e-13,5.996995015273627e-13
OIP5-AS1,MBD1,lncRNA,mRNA,hsa-miR-25-3p,0.0037347085,440,3.1818991885756986e-13,6.174918516642339e-13
NORAD,YWHAG,lncRNA,mRNA,hsa-miR-132-5p,0.00078357355,441,3.568256801145253e-13,6.893223365848784e-13
OIP5-AS1,CSNK2A1,lncRNA,mRNA,hsa-miR-22-3p,0.00078357355,442,3.590461261637756e-13,6.920390186830143e-13
NORAD,PURB,lncRNA,mRNA,hsa-miR-106b-5p,0.00078357355,443,3.792521852119536e-13,7.293311254076029e-13
NORAD,CLPTM1L,lncRNA,mRNA,hsa-miR-22-3p,0.9981494,444,5.53335155473178e-13,1.040563898566817e-12
OIP5-AS1,VAPA,lncRNA,mRNA,hsa-miR-30d-5p,0.00080353447,445,4.0945025148175773e-13,7.83857463422284e-13
OIP5-AS1,NUP214,lncRNA,mRNA,hsa-miR-22-3p,0.0019095687,446,4.1233683134578324e-13,7.87609677851496e-13
NORAD,RNF220,lncRNA,mRNA,hsa-miR-30e-5p,0.9981494,447,4.793943020331426e-13,9.095650819825249e-13
OIP5-AS1,MLEC,lncRNA,mRNA,hsa-miR-25-3p,0.0040631043,448,5.124789481669724e-13,9.68015790982059e-13
NORAD,UBAP2L,lncRNA,mRNA,hsa-miR-25-3p,0.00091631716,449,5.018208071305709e-13,9.499948464609914e-13
EBLN3P,ZFP91,lncRNA,mRNA,hsa-miR-29a-3p,0.0034593656,450,4.74953409934642e-13,9.031552537907063e-13
NORAD,LRRC59,lncRNA,mRNA,hsa-miR-106b-5p,0.0019095687,451,5.844214001626824e-13,1.0941810355468724e-12
OIP5-AS1,MFF,lncRNA,mRNA,hsa-miR-25-3p,0.00078357355,452,5.517808432387028e-13,1.039941722290238e-12
OIP5-AS1,RAC1,lncRNA,mRNA,hsa-miR-200c-3p,0.0037347085,453,5.80646641878957e-13,1.0895135664395437e-12
GAS5,CDC42SE1,lncRNA,mRNA,hsa-miR-29a-3p,0.002178473,454,4.642952688982406e-13,8.84867664940593e-13
NORAD,FOXJ3,lncRNA,mRNA,hsa-miR-106b-5p,0.00078357355,455,6.166178678768119e-13,1.1519234894401982e-12
NORAD,VAPA,lncRNA,mRNA,hsa-miR-30d-5p,0.00080353447,456,7.489564524121306e-13,1.3869563933557973e-12
OIP5-AS1,PPP1R15B,lncRNA,mRNA,hsa-miR-30e-5p,0.0008235144,457,6.825651155395462e-13,1.271193216335579e-12
FGD5-AS1,KCTD10,lncRNA,mRNA,hsa-miR-22-3p,0.00091631716,459,7.636113963371828e-13,1.411021058449142e-12
NORAD,CBX5,lncRNA,mRNA,hsa-miR-106b-5p,0.0024382076,460,8.621992009238967e-13,1.576063055452284e-12
OIP5-AS1,MAPK14,lncRNA,mRNA,hsa-miR-22-3p,0.00078357355,462,7.784883848671599e-13,1.4322838249720473e-12
NORAD,NRAS,lncRNA,mRNA,hsa-miR-25-3p,0.9981494,463,1.020739048840369e-12,1.8420980711556548e-12
GAS5,SMAD4,lncRNA,mRNA,hsa-miR-29a-3p,0.0037347085,464,7.192024753521764e-13,1.3347644193217248e-12
NORAD,DAP3,lncRNA,mRNA,hsa-miR-106b-5p,0.0024382076,467,1.0080825063596421e-12,1.823127937033395e-12
OIP5-AS1,NUFIP2,lncRNA,mRNA,hsa-miR-25-3p,0.00078357355,468,8.397726958264684e-13,1.5408172821931377e-12
NORAD,HUWE1,lncRNA,mRNA,hsa-miR-106b-5p,0.00078357355,469,9.234835118832052e-13,1.6844656332633569e-12
NORAD,ATXN7L3B,lncRNA,mRNA,hsa-miR-106b-5p,0.00078357355,470,9.372502773885572e-13,1.7059159224416993e-12
OIP5-AS1,HDGF,lncRNA,mRNA,hsa-miR-29a-3p,0.9981494,473,1.2989609388114334e-12,2.329360333311642e-12
FGD5-AS1,ELP5,lncRNA,mRNA,hsa-miR-22-3p,0.9981494,474,1.4999113062685865e-12,2.6616380173868445e-12
OIP5-AS1,COX7A2L,lncRNA,mRNA,hsa-miR-29a-3p,0.9981494,475,1.4981349494291862e-12,2.6616380173868445e-12
OIP5-AS1,CAPN2,lncRNA,mRNA,hsa-miR-30a-5p,0.0040631043,477,1.352695733203291e-12,2.415528095005876e-12
OIP5-AS1,MBNL2,lncRNA,mRNA,hsa-miR-30a-5p,0.00078357355,478,1.3213874439088613e-12,2.3645880575211197e-12
NORAD,SMU1,lncRNA,mRNA,hsa-miR-25-3p,0.00091631716,479,1.4710455076283324e-12,2.621359919253842e-12
NORAD,PPP1R15B,lncRNA,mRNA,hsa-miR-30e-5p,0.00091631716,480,1.5145662501936388e-12,2.682044401384568e-12
NORAD,GNAI2,lncRNA,mRNA,hsa-miR-30e-5p,0.9981494,481,1.7814638653135262e-12,3.109331181758721e-12
FGD5-AS1,BTG1,lncRNA,mRNA,hsa-miR-22-3p,0.0014599082,482,1.923128323255696e-12,3.342861093593746e-12
NORAD,PFN1,lncRNA,mRNA,hsa-miR-182-5p,0.0013462572,484,1.7383872119580701e-12,3.046658000338886e-12
NORAD,AKIRIN1,lncRNA,mRNA,hsa-miR-30e-5p,0.9981494,485,1.7066348334537906e-12,2.9971892736275245e-12
OIP5-AS1,TNPO1,lncRNA,mRNA,hsa-miR-23a-3p,0.0008235144,487,1.681099703887412e-12,2.9584570358267083e-12
OIP5-AS1,BTG1,lncRNA,mRNA,hsa-miR-22-3p,0.00078357355,488,1.972866314758903e-12,3.422319117438914e-12
NORAD,CNOT11,lncRNA,mRNA,hsa-miR-25-3p,0.9981494,491,2.105204899294222e-12,3.644448400000181e-12
OIP5-AS1,GABARAPL2,lncRNA,mRNA,hsa-miR-30a-5p,0.00082364975,492,2.4491519923230957e-12,4.231258523322419e-12
NORAD,RPL7,lncRNA,mRNA,hsa-miR-106b-5p,0.00078357355,493,3.1161739855178894e-12,5.340217515504448e-12
OIP5-AS1,TOR1AIP1,lncRNA,mRNA,hsa-miR-23a-3p,0.0008235144,494,2.566835632933362e-12,4.425578677471314e-12
NORAD,CPEB4,lncRNA,mRNA,hsa-miR-30d-5p,0.99632734,495,3.197220266315526e-12,5.451462038410431e-12
OIP5-AS1,RAB14,lncRNA,mRNA,hsa-miR-30a-5p,0.00078357355,497,2.637445817299522e-12,4.538115272681363e-12
FGD5-AS1,TUFM,lncRNA,mRNA,hsa-miR-28-5p,0.9981494,498,3.8753444897565714e-12,6.509966040104912e-12
OIP5-AS1,NFYB,lncRNA,mRNA,hsa-miR-25-3p,0.002178473,499,3.1663560662309465e-12,5.415297095163591e-12
NORAD,PRKAR1A,lncRNA,mRNA,hsa-miR-30d-5p,0.0008235144,502,3.2003288907844762e-12,5.451462038410431e-12
NORAD,SMG7,lncRNA,mRNA,hsa-miR-106b-5p,0.00078357355,504,3.404165838105655e-12,5.764025821493639e-12
OIP5-AS1,ATP6V1B2,lncRNA,mRNA,hsa-miR-30a-5p,0.0037347085,505,3.6155523019942848e-12,6.097657652172901e-12
NORAD,WDR26,lncRNA,mRNA,hsa-miR-30e-5p,0.00091631716,506,3.5416114485542494e-12,5.984830479664238e-12
OIP5-AS1,RPL7L1,lncRNA,mRNA,hsa-miR-23a-3p,0.00078357355,507,3.985922703009237e-12,6.6825134074119364e-12
NORAD,MAPK1,lncRNA,mRNA,hsa-miR-28-3p,0.0008235144,509,4.272582287967453e-12,7.134960598766865e-12
NORAD,AZIN1,lncRNA,mRNA,hsa-miR-30e-5p,0.997623,511,5.275113679203969e-12,8.740441768661547e-12
OIP5-AS1,DCTN4,lncRNA,mRNA,hsa-miR-30e-5p,0.00080353447,512,4.898303984646191e-12,8.131949974510277e-12
NORAD,DCTN4,lncRNA,mRNA,hsa-miR-30e-5p,0.0008940877,513,5.35416155855728e-12,8.854158219404061e-12
NORAD,MBD1,lncRNA,mRNA,hsa-miR-25-3p,0.9981494,514,5.484501741648273e-12,9.052090253205887e-12
FGD5-AS1,YIPF6,lncRNA,mRNA,hsa-miR-28-5p,0.0008718793,515,5.618172593813142e-12,9.254741675854982e-12
GAS5,HDGF,lncRNA,mRNA,hsa-miR-29a-3p,0.00078357355,516,4.738431869100168e-12,7.897386448500281e-12
FGD5-AS1,SKP1,lncRNA,mRNA,hsa-miR-151a-5p,0.00091631716,517,6.476152947243463e-12,1.0606416194907406e-11
OIP5-AS1,TMEM59,lncRNA,mRNA,hsa-miR-30a-5p,0.00078357355,519,6.2154725810614756e-12,1.0218862077180377e-11
NORAD,DDAH1,lncRNA,mRNA,hsa-miR-30d-5p,0.99632734,520,8.695044684259301e-12,1.4024265619773068e-11
FGD5-AS1,HSPA8,lncRNA,mRNA,hsa-miR-151a-5p,0.00091631716,521,7.705613924713361e-12,1.2571539032641762e-11
OIP5-AS1,SNX1,lncRNA,mRNA,hsa-miR-28-5p,0.00078357355,522,6.69841959677342e-12,1.0949339725495012e-11
NORAD,VDAC1,lncRNA,mRNA,hsa-miR-106b-5p,0.0020265933,523,8.574918552994859e-12,1.388320146675358e-11
OIP5-AS1,MMGT1,lncRNA,mRNA,hsa-miR-23a-3p,0.011808289,524,8.657519146026969e-12,1.3990287593389592e-11
OIP5-AS1,RBMS1,lncRNA,mRNA,hsa-miR-30a-5p,0.00078357355,525,7.931877377131968e-12,1.2915892280770446e-11
NORAD,WDR33,lncRNA,mRNA,hsa-miR-106b-5p,0.00078357355,527,7.947642544081646e-12,1.2916818666289483e-11
OIP5-AS1,IMPDH2,lncRNA,mRNA,hsa-miR-23a-3p,0.0040965467,528,1.1175727010481749e-11,1.7822453956678213e-11
NORAD,PRRC2A,lncRNA,mRNA,hsa-miR-25-3p,0.9968094,529,1.1061151994340436e-11,1.7706175508831202e-11
NORAD,TMEM30A,lncRNA,mRNA,hsa-miR-28-3p,0.0008235144,530,1.0897061031300836e-11,1.7509455343300018e-11
OIP5-AS1,GHITM,lncRNA,mRNA,hsa-miR-23b-3p,0.00078357355,531,1.1013634448886478e-11,1.7663376002931144e-11
OIP5-AS1,RRN3,lncRNA,mRNA,hsa-miR-25-3p,0.0023119387,532,1.0393463867330864e-11,1.6731902059150066e-11
OIP5-AS1,NDFIP1,lncRNA,mRNA,hsa-miR-30a-5p,0.00078357355,534,1.1175060876666976e-11,1.7822453956678213e-11
NORAD,KMT5B,lncRNA,mRNA,hsa-miR-106b-5p,0.00078357355,535,1.1364909013877876e-11,1.8066275370828807e-11
OIP5-AS1,HNRNPL,lncRNA,mRNA,hsa-miR-23b-3p,0.00078357355,536,1.1371126262815778e-11,1.8066275370828807e-11
FGD5-AS1,ZFP91,lncRNA,mRNA,hsa-miR-22-3p,0.0008718793,537,1.3064216375369142e-11,2.067892722358244e-11
NORAD,PICALM,lncRNA,mRNA,hsa-miR-30e-5p,0.00091631716,538,1.3320011760242778e-11,2.1044628245736728e-11
OIP5-AS1,TOP1,lncRNA,mRNA,hsa-miR-23a-3p,0.0034460677,539,1.5171197631502764e-11,2.3880588864402505e-11
NORAD,VPS41,lncRNA,mRNA,hsa-miR-30e-5p,0.0008718793,540,1.5408341269562698e-11,2.4164372839720096e-11
NORAD,SMARCA5,lncRNA,mRNA,hsa-miR-25-3p,0.00091631716,542,1.5212275883413895e-11,2.3900987986879498e-11
OIP5-AS1,N4BP1,lncRNA,mRNA,hsa-miR-28-5p,0.00078357355,543,1.514810499259056e-11,2.3880588864402505e-11
OIP5-AS1,PREPL,lncRNA,mRNA,hsa-miR-30d-5p,0.00078357355,544,1.633915225340843e-11,2.557694183314395e-11
OIP5-AS1,BZW1,lncRNA,mRNA,hsa-miR-25-3p,0.00078357355,545,1.864397525253025e-11,2.8971442348538784e-11
OIP5-AS1,SCAMP2,lncRNA,mRNA,hsa-miR-23a-3p,0.00082364975,546,1.8518520050747608e-11,2.8829197881200493e-11
OIP5-AS1,CNDP2,lncRNA,mRNA,hsa-miR-30a-5p,0.00078357355,547,1.9048540522703658e-11,2.951943486251153e-11
NORAD,GTF2H3,lncRNA,mRNA,hsa-miR-106b-5p,0.002968981,549,2.1072033007385468e-11,3.256586919323209e-11
NORAD,EIF4B,lncRNA,mRNA,hsa-miR-25-3p,0.00091631716,550,2.2090329565571665e-11,3.4015906033941874e-11
NORAD,RBM12,lncRNA,mRNA,hsa-miR-182-5p,0.00078357355,551,1.8503643062217637e-11,2.8829197881200493e-11
NORAD,ARCN1,lncRNA,mRNA,hsa-miR-106b-5p,0.00078357355,552,2.204725291221621e-11,3.4011188703055856e-11
NORAD,UBE2I,lncRNA,mRNA,hsa-miR-30e-5p,0.9981494,553,2.697464474010758e-11,4.1238215879660855e-11
OIP5-AS1,ANXA11,lncRNA,mRNA,hsa-miR-25-3p,0.00078357355,554,2.528266485057884e-11,3.879109227976898e-11
NORAD,SLC25A5,lncRNA,mRNA,hsa-miR-106b-5p,0.0040631043,555,2.969402501662444e-11,4.5151916393793866e-11
OIP5-AS1,SMAD5,lncRNA,mRNA,hsa-miR-25-3p,0.00078357355,556,2.4271473719750247e-11,3.7306966838675785e-11
NORAD,NRBP1,lncRNA,mRNA,hsa-miR-106b-5p,0.00078357355,557,2.5929702829330378e-11,3.9712157486361846e-11
OIP5-AS1,ZDHHC20,lncRNA,mRNA,hsa-miR-30e-5p,0.00078357355,558,2.8511193406188795e-11,4.3431029382187226e-11
FGD5-AS1,ERGIC2,lncRNA,mRNA,hsa-miR-151a-5p,0.9981494,559,3.824651706452187e-11,5.774340942245753e-11
NORAD,SPCS3,lncRNA,mRNA,hsa-miR-25-3p,0.0008718793,561,3.336642073747953e-11,5.064546004796001e-11
NORAD,EIF4EBP2,lncRNA,mRNA,hsa-miR-25-3p,0.00091631716,563,3.6895375643553046e-11,5.580261440750907e-11
NORAD,ARHGAP17,lncRNA,mRNA,hsa-miR-25-3p,0.9981494,564,4.1073811019032285e-11,6.179245905518133e-11
NORAD,PPP3CB,lncRNA,mRNA,hsa-miR-30e-5p,0.0008718793,565,4.330247271866483e-11,6.500939312639442e-11
OIP5-AS1,RHOA,lncRNA,mRNA,hsa-miR-200c-3p,0.00078357355,566,4.0896619424302116e-11,6.163497608272482e-11
OIP5-AS1,PPP3CB,lncRNA,mRNA,hsa-miR-30e-5p,0.00078357355,567,4.336508929725369e-11,6.500939312639442e-11
OIP5-AS1,COPA,lncRNA,mRNA,hsa-miR-23b-3p,0.00078357355,568,4.358091665324082e-11,6.521792104798363e-11
NORAD,ATP2A2,lncRNA,mRNA,hsa-miR-25-3p,0.00091631716,569,5.186273632773464e-11,7.720372307981512e-11
OIP5-AS1,RBFOX2,lncRNA,mRNA,hsa-miR-25-3p,0.0014347716,570,4.757572114044706e-11,7.10709366772935e-11
FGD5-AS1,EDC3,lncRNA,mRNA,hsa-miR-22-3p,0.9981494,571,5.314571005499147e-11,7.897526843836145e-11
OIP5-AS1,FYTTD1,lncRNA,mRNA,hsa-miR-30e-5p,0.0034460677,572,5.348810283578587e-11,7.934535324680278e-11
OIP5-AS1,ADPGK,lncRNA,mRNA,hsa-miR-30a-5p,0.00078357355,573,4.9623638531670615e-11,7.400016272266671e-11
OIP5-AS1,PPT1,lncRNA,mRNA,hsa-miR-29a-3p,0.89857036,575,6.866907042990533e-11,1.0115894257438393e-10
NORAD,CNOT2,lncRNA,mRNA,hsa-miR-25-3p,0.00091646786,576,6.490830095629008e-11,9.578481911952527e-11
NORAD,PAIP1,lncRNA,mRNA,hsa-miR-25-3p,0.9981494,577,7.545275515496995e-11,1.1076829340539632e-10
NORAD,LZIC,lncRNA,mRNA,hsa-miR-182-5p,0.00078357355,578,6.016565023969633e-11,8.894052644129023e-11
NORAD,FUBP1,lncRNA,mRNA,hsa-miR-22-3p,0.9941544,581,8.420619757032455e-11,1.2319323224574158e-10
NORAD,SNX1,lncRNA,mRNA,hsa-miR-28-3p,0.00078357355,582,8.528600048407498e-11,1.2455859177227446e-10
OIP5-AS1,SYNCRIP,lncRNA,mRNA,hsa-miR-29a-3p,0.0008718793,583,9.434741876646058e-11,1.373207293689923e-10
EBLN3P,CDC42SE1,lncRNA,mRNA,hsa-miR-29a-3p,0.00078357355,584,9.151057689393838e-11,1.3342022360179695e-10
NORAD,LIN7C,lncRNA,mRNA,hsa-miR-30e-5p,0.00091646786,585,1.0517009485511152e-10,1.5255047888540067e-10
NORAD,RNF115,lncRNA,mRNA,hsa-miR-106b-5p,0.00082364975,586,1.035056484965935e-10,1.50392822601888e-10
OIP5-AS1,CPEB4,lncRNA,mRNA,hsa-miR-30d-5p,0.00078357355,588,1.182336450966659e-10,1.7091598355810546e-10
OIP5-AS1,SAE1,lncRNA,mRNA,hsa-miR-30e-5p,0.011808289,589,1.253159798153547e-10,1.7944559044826707e-10
NORAD,PREPL,lncRNA,mRNA,hsa-miR-30d-5p,0.00082364975,591,1.2280687577970184e-10,1.766257942686067e-10
NORAD,MAVS,lncRNA,mRNA,hsa-miR-106b-5p,0.00078357355,592,1.2104073299212814e-10,1.7467677936045656e-10
OIP5-AS1,RNF149,lncRNA,mRNA,hsa-miR-140-5p,0.00078357355,593,1.2310241714885706e-10,1.7675178137927112e-10
OIP5-AS1,CNIH1,lncRNA,mRNA,hsa-miR-25-3p,0.0013983971,594,1.4006307225145062e-10,1.9975438156666618e-10
NORAD,KIF5B,lncRNA,mRNA,hsa-miR-25-3p,0.00091631716,595,1.2972756202600522e-10,1.8532508860857888e-10
NORAD,ZDHHC20,lncRNA,mRNA,hsa-miR-30e-5p,0.00091646786,597,1.6405254932294608e-10,2.331850617466625e-10
OIP5-AS1,PPP2R5E,lncRNA,mRNA,hsa-miR-23a-3p,0.0020265933,598,1.5292034305502966e-10,2.1772578156913766e-10
OIP5-AS1,NDUFV3,lncRNA,mRNA,hsa-miR-23a-3p,0.003191937,599,1.6727041973751966e-10,2.373620313470646e-10
OIP5-AS1,ASB3,lncRNA,mRNA,hsa-miR-30e-5p,0.011808289,602,2.0961321567369848e-10,2.944979063184194e-10
NORAD,EZR,lncRNA,mRNA,hsa-miR-28-3p,0.00078357355,603,2.2953328127073286e-10,3.20858483004822e-10
FGD5-AS1,SNX1,lncRNA,mRNA,hsa-miR-28-5p,0.0008718793,604,2.06531458601944e-10,2.9113058011882647e-10
NORAD,ZDHHC5,lncRNA,mRNA,hsa-miR-25-3p,0.00091631716,605,2.0534085543033598e-10,2.8993310152123845e-10
NORAD,TFAM,lncRNA,mRNA,hsa-miR-106b-5p,0.0013462572,606,2.298856660587489e-10,3.20858483004822e-10
EBLN3P,SMAD4,lncRNA,mRNA,hsa-miR-29a-3p,0.00078357355,607,2.070741356163808e-10,2.9141227694358217e-10
OIP5-AS1,MAP2K4,lncRNA,mRNA,hsa-miR-25-3p,0.00078357355,608,2.1030532870724983e-10,2.9498272178409625e-10
FGD5-AS1,MYCBP,lncRNA,mRNA,hsa-miR-22-3p,0.0028905594,609,2.45429232492711e-10,3.419915534734497e-10
NORAD,SOX4,lncRNA,mRNA,hsa-miR-106b-5p,0.002968981,610,2.75459210996587e-10,3.8009793725178396e-10
NORAD,TSR1,lncRNA,mRNA,hsa-miR-106b-5p,0.0032177903,611,2.6175106526693526e-10,3.623589665747475e-10
NORAD,CNOT7,lncRNA,mRNA,hsa-miR-106b-5p,0.00078357355,612,2.5652235891016057e-10,3.5569984514459464e-10
OIP5-AS1,POLDIP3,lncRNA,mRNA,hsa-miR-30e-5p,0.00078357355,613,2.536288956633825e-10,3.522623550880313e-10
GAS5,COX7A2L,lncRNA,mRNA,hsa-miR-29a-3p,0.00078357355,615,2.2444068825677727e-10,3.142909143628677e-10
NORAD,AP2B1,lncRNA,mRNA,hsa-miR-106b-5p,0.00078357355,616,2.7205082631098776e-10,3.7600520709648716e-10
NORAD,NPLOC4,lncRNA,mRNA,hsa-miR-106b-5p,0.0017720887,617,2.905873319747343e-10,3.9967513297495815e-10
NORAD,EXOC5,lncRNA,mRNA,hsa-miR-25-3p,0.0014978802,618,3.241831247891014e-10,4.437289147676911e-10
OIP5-AS1,TLK1,lncRNA,mRNA,hsa-miR-28-5p,0.00078357355,619,2.8519164807505604e-10,3.928896286285213e-10
NORAD,EIF3F,lncRNA,mRNA,hsa-miR-106b-5p,0.00078357355,620,3.2074876088472587e-10,4.3973620443873714e-10
NORAD,ARPP19,lncRNA,mRNA,hsa-miR-30e-5p,0.00091631716,622,3.3058267234764566e-10,4.5176088664871196e-10
OIP5-AS1,LIN7C,lncRNA,mRNA,hsa-miR-30e-5p,0.00078357355,624,3.4095948286960715e-10,4.644480135243047e-10
OIP5-AS1,GANAB,lncRNA,mRNA,hsa-miR-23b-3p,0.0021597422,626,4.4934145293495926e-10,6.081850875712028e-10
OIP5-AS1,ATXN10,lncRNA,mRNA,hsa-miR-23b-3p,0.00078357355,627,4.3158809859278335e-10,5.850875339774575e-10
NORAD,POLR1B,lncRNA,mRNA,hsa-miR-106b-5p,0.0020265933,629,4.735716263581935e-10,6.389458450864515e-10
OIP5-AS1,PPP2R5C,lncRNA,mRNA,hsa-miR-30a-5p,0.00078357355,630,4.595022140563288e-10,6.209489379139578e-10
OIP5-AS1,VPS4B,lncRNA,mRNA,hsa-miR-25-3p,0.00078357355,634,5.340687891930429e-10,7.160228246278967e-10
NORAD,C2orf69,lncRNA,mRNA,hsa-miR-106b-5p,0.00082364975,635,5.941502845274725e-10,7.94068776491119e-10
FGD5-AS1,N4BP1,lncRNA,mRNA,hsa-miR-28-5p,0.0027124782,636,6.066054325515323e-10,8.094420999510244e-10
NORAD,PGRMC1,lncRNA,mRNA,hsa-miR-25-3p,0.0008718793,637,6.618641190669904e-10,8.817938890390938e-10
NORAD,CTNNBL1,lncRNA,mRNA,hsa-miR-25-3p,0.00091646786,638,6.664164775571635e-10,8.864694928381675e-10
NORAD,YTHDF2,lncRNA,mRNA,hsa-miR-106b-5p,0.00078357355,639,5.831433114167338e-10,7.805855349672815e-10
NORAD,DHX40,lncRNA,mRNA,hsa-miR-30e-5p,0.0035506915,640,7.311271588150702e-10,9.680032476523516e-10
NORAD,RNF4,lncRNA,mRNA,hsa-miR-25-3p,0.0008718793,641,6.950628961277515e-10,9.216902678761135e-10
NORAD,LONP2,lncRNA,mRNA,hsa-miR-22-3p,0.9781042,642,7.494360687587687e-10,9.876289278216331e-10
NORAD,PPP6C,lncRNA,mRNA,hsa-miR-106b-5p,0.00078357355,643,6.753042569584976e-10,8.968884662730047e-10
OIP5-AS1,THUMPD3,lncRNA,mRNA,hsa-miR-23a-3p,0.0025983292,644,7.393239354058777e-10,9.758157532530995e-10
OIP5-AS1,ERBIN,lncRNA,mRNA,hsa-miR-23a-3p,0.00078357355,645,7.34368343913161e-10,9.707824141931363e-10
NORAD,GPBP1,lncRNA,mRNA,hsa-miR-25-3p,0.00091631716,646,7.537863666584599e-10,9.918241666558682e-10
NORAD,SP1,lncRNA,mRNA,hsa-miR-22-3p,0.00091631716,647,7.771483456764371e-10,1.020983143469817e-09
NORAD,CNIH1,lncRNA,mRNA,hsa-miR-25-3p,0.9981494,648,9.842415771288415e-10,1.2831370253980294e-09
OIP5-AS1,CDC42SE1,lncRNA,mRNA,hsa-miR-29a-3p,0.0014241644,649,8.389311467738024e-10,1.100449806724895e-09
OIP5-AS1,UQCRC2,lncRNA,mRNA,hsa-miR-23b-3p,0.00078357355,650,8.427896158735847e-10,1.1038076633167135e-09
NORAD,PLAGL2,lncRNA,mRNA,hsa-miR-106b-5p,0.0021597422,651,1.015984851804319e-09,1.318453624478887e-09
NORAD,VCP,lncRNA,mRNA,hsa-miR-361-3p,0.00078357355,652,9.100038500520211e-10,1.1900050346834126e-09
OIP5-AS1,CAND1,lncRNA,mRNA,hsa-miR-30e-5p,0.0034460677,653,1.0309766373950422e-09,1.3358691185758935e-09
OIP5-AS1,DNAJC21,lncRNA,mRNA,hsa-miR-23b-3p,0.00089724106,654,9.938587730573543e-10,1.293690592800538e-09
NORAD,TXLNA,lncRNA,mRNA,hsa-miR-25-3p,0.0008718793,655,9.624958607901135e-10,1.2567150256092111e-09
NORAD,TMEM123,lncRNA,mRNA,hsa-miR-106b-5p,0.00078357355,657,1.0836616048948142e-09,1.4019975101378875e-09
NORAD,VTI1A,lncRNA,mRNA,hsa-miR-106b-5p,0.00082364975,658,1.1073046923826266e-09,1.4282382223448144e-09
NORAD,LSM14A,lncRNA,mRNA,hsa-miR-182-5p,0.00078357355,659,1.0894665170013695e-09,1.4073655614759331e-09
NORAD,MLEC,lncRNA,mRNA,hsa-miR-25-3p,0.9981494,660,1.5136358832990027e-09,1.931817568775003e-09
NORAD,PPM1B,lncRNA,mRNA,hsa-miR-106b-5p,0.00078357355,661,1.2841590013579207e-09,1.6538411381124734e-09
NORAD,CCT6A,lncRNA,mRNA,hsa-miR-30e-5p,0.01641126,662,1.5600896130507635e-09,1.9851439687023188e-09
OIP5-AS1,KPNA6,lncRNA,mRNA,hsa-miR-30e-5p,0.00082364975,663,1.2952252603781742e-09,1.665569548141374e-09
OIP5-AS1,EDC3,lncRNA,mRNA,hsa-miR-22-3p,0.0013462572,664,1.3162750889250672e-09,1.6900813075321863e-09
OIP5-AS1,SYPL1,lncRNA,mRNA,hsa-miR-30a-5p,0.00078357355,666,1.4283736415876547e-09,1.825740744886476e-09
OIP5-AS1,PNRC2,lncRNA,mRNA,hsa-miR-23a-3p,0.00078357355,667,1.3899195128175281e-09,1.781948093355805e-09
OIP5-AS1,MTDH,lncRNA,mRNA,hsa-miR-30e-5p,0.00078357355,669,1.67741753820394e-09,2.1248445793880816e-09
NORAD,PPP1R11,lncRNA,mRNA,hsa-miR-182-5p,0.00078357355,670,1.5907206663001714e-09,2.021095016973312e-09
NORAD,POLDIP3,lncRNA,mRNA,hsa-miR-30e-5p,0.00091646786,671,1.7138033214791903e-09,2.1620306105919514e-09
NORAD,PLRG1,lncRNA,mRNA,hsa-miR-106b-5p,0.00078357355,672,1.6508836520046086e-09,2.094404633140176e-09
NORAD,ELOVL5,lncRNA,mRNA,hsa-miR-30e-5p,0.0045565097,673,2.031857126993941e-09,2.5548499377882397e-09
NORAD,WDR1,lncRNA,mRNA,hsa-miR-106b-5p,0.00078357355,676,1.885421818670352e-09,2.374234882770073e-09
OIP5-AS1,PEX26,lncRNA,mRNA,hsa-miR-23a-3p,0.00082364975,677,2.0538009071202623e-09,2.578627431391762e-09
OIP5-AS1,RAB10,lncRNA,mRNA,hsa-miR-30e-5p,0.00078357355,678,2.278105704078825e-09,2.847632130098532e-09
NORAD,WASL,lncRNA,mRNA,hsa-miR-25-3p,0.00091631716,679,2.2765032081650816e-09,2.847632130098532e-09
NORAD,GLO1,lncRNA,mRNA,hsa-miR-106b-5p,0.0013462572,680,2.6319311174916042e-09,3.2658999268143992e-09
NORAD,SETD3,lncRNA,mRNA,hsa-miR-30e-5p,0.0008718793,683,2.500405882344125e-09,3.1117789165336847e-09
NORAD,AP3M1,lncRNA,mRNA,hsa-miR-25-3p,0.0008718793,684,2.4934805331611187e-09,3.10771034191635e-09
NORAD,RELA,lncRNA,mRNA,hsa-miR-30e-5p,0.00091646786,685,2.588204761622137e-09,3.216336326577217e-09
OIP5-AS1,ITFG1,lncRNA,mRNA,hsa-miR-23b-3p,0.00078357355,686,2.78560108313286e-09,3.451546531578617e-09
NORAD,CSDE1,lncRNA,mRNA,hsa-miR-106b-5p,0.00078357355,687,2.9404030321700243e-09,3.638053242131763e-09
OIP5-AS1,CREB1,lncRNA,mRNA,hsa-miR-22-3p,0.00078357355,688,2.984829716723425e-09,3.6876529930449292e-09
OIP5-AS1,RAD23B,lncRNA,mRNA,hsa-miR-30e-5p,0.00078357355,689,3.3863338799733356e-09,4.1776252510556395e-09
OIP5-AS1,MED4,lncRNA,mRNA,hsa-miR-23b-3p,0.00078357355,690,3.4173925911318284e-09,4.2098314528435584e-09
NORAD,TAX1BP1,lncRNA,mRNA,hsa-miR-106b-5p,0.00078357355,691,3.509483814667646e-09,4.317020611385672e-09
NORAD,CNOT4,lncRNA,mRNA,hsa-miR-25-3p,0.0008718793,692,3.915409996224639e-09,4.809390891316392e-09
NORAD,FAM199X,lncRNA,mRNA,hsa-miR-106b-5p,0.00078357355,693,4.008779308506405e-09,4.916973177821709e-09
OIP5-AS1,MAP4,lncRNA,mRNA,hsa-miR-23b-3p,0.00078357355,694,4.647762175125081e-09,5.692504104980286e-09
FGD5-AS1,TMEM167A,lncRNA,mRNA,hsa-miR-28-5p,0.0008718793,695,4.7399382196999795e-09,5.797046743517961e-09
NORAD,PTEN,lncRNA,mRNA,hsa-miR-22-3p,0.00091631716,696,5.111860268414148e-09,6.225044739472816e-09
NORAD,MFN2,lncRNA,mRNA,hsa-miR-106b-5p,0.00078357355,697,5.007268155665656e-09,6.106424580080069e-09
NORAD,TRIP12,lncRNA,mRNA,hsa-miR-106b-5p,0.00078357355,698,4.896585581448676e-09,5.980025494585308e-09
FGD5-AS1,LIN7C,lncRNA,mRNA,hsa-miR-22-3p,0.0008718793,700,6.485320502847003e-09,7.875032039171361e-09
NORAD,SKIL,lncRNA,mRNA,hsa-miR-106b-5p,0.00078357355,701,7.4447679132561015e-09,9.014320122888442e-09
OIP5-AS1,SON,lncRNA,mRNA,hsa-miR-30a-5p,0.00078357355,702,6.657917106522859e-09,8.073080656982068e-09
OIP5-AS1,PRKAA1,lncRNA,mRNA,hsa-miR-30e-5p,0.0019095687,703,7.909671584371836e-09,9.550029611812585e-09
NORAD,BTBD1,lncRNA,mRNA,hsa-miR-30e-5p,0.0008718793,704,7.527751311187103e-09,9.10183302206122e-09
NORAD,PAWR,lncRNA,mRNA,hsa-miR-25-3p,0.0035506915,706,9.788015953304809e-09,1.1767770240889797e-08
FGD5-AS1,MAPK14,lncRNA,mRNA,hsa-miR-22-3p,0.0008718793,707,8.858643152365175e-09,1.0665505211771105e-08
NORAD,KCTD10,lncRNA,mRNA,hsa-miR-22-3p,0.00091631716,709,1.034564434121421e-08,1.242061820626e-08
NORAD,MCL1,lncRNA,mRNA,hsa-miR-30d-5p,0.00078357355,710,1.0496712832264166e-08,1.256648719355569e-08
NORAD,RCC2,lncRNA,mRNA,hsa-miR-22-3p,0.9981494,712,1.3129953346791012e-08,1.5543816636173205e-08
FGD5-AS1,RNF149,lncRNA,mRNA,hsa-miR-140-5p,0.00078357355,713,1.0875791600639673e-08,1.3002001210328725e-08
OIP5-AS1,ATXN7L3B,lncRNA,mRNA,hsa-miR-23b-3p,0.00078357355,714,1.1230336438572408e-08,1.3388199120317736e-08
NORAD,YIPF4,lncRNA,mRNA,hsa-miR-25-3p,0.0008718793,715,1.184856701641479e-08,1.4105436924303322e-08
NORAD,TMBIM6,lncRNA,mRNA,hsa-miR-106b-5p,0.00078357355,717,1.2362028511958556e-08,1.4675592507213368e-08
NORAD,ICMT,lncRNA,mRNA,hsa-miR-106b-5p,0.00078357355,718,1.2550312344927761e-08,1.4878334021183538e-08
OIP5-AS1,TNKS2,lncRNA,mRNA,hsa-miR-30e-5p,0.00078357355,719,1.3461860515207036e-08,1.591457779961889e-08
NORAD,STAG2,lncRNA,mRNA,hsa-miR-182-5p,0.00078357355,720,1.445978092817768e-08,1.7070574706876428e-08
NORAD,TRPC4AP,lncRNA,mRNA,hsa-miR-106b-5p,0.00078357355,722,1.6142278180808493e-08,1.903042503978809e-08
NORAD,PCMTD2,lncRNA,mRNA,hsa-miR-30d-5p,0.00078357355,723,2.039808477682925e-08,2.398115084412844e-08
NORAD,EDC3,lncRNA,mRNA,hsa-miR-22-3p,0.9981494,724,2.3747984023714253e-08,2.7806123091231094e-08
OIP5-AS1,WDR11,lncRNA,mRNA,hsa-miR-25-3p,0.00078357355,727,2.2810340949419583e-08,2.6780096418517464e-08
NORAD,BZW1,lncRNA,mRNA,hsa-miR-25-3p,0.0019715766,728,3.0302315989771955e-08,3.5091237862814944e-08
FGD5-AS1,UMPS,lncRNA,mRNA,hsa-miR-28-5p,0.0014978802,729,3.0059382316594e-08,3.485740104925634e-08
NORAD,RAB22A,lncRNA,mRNA,hsa-miR-106b-5p,0.00078357355,730,2.7226349841313894e-08,3.1745401049542947e-08
OIP5-AS1,BTBD1,lncRNA,mRNA,hsa-miR-30e-5p,0.00078357355,731,2.679757726831156e-08,3.1288380052286845e-08
OIP5-AS1,OTUD4,lncRNA,mRNA,hsa-miR-29a-3p,0.0008718793,732,2.8028690923775912e-08,3.263614696604045e-08
FGD5-AS1,KDM3A,lncRNA,mRNA,hsa-miR-22-3p,0.0021245,733,2.8642415994539764e-08,3.3305134877371824e-08
OIP5-AS1,UBQLN1,lncRNA,mRNA,hsa-miR-200c-3p,0.00078357355,734,2.969716716982873e-08,3.448441542944593e-08
NORAD,LAMC1,lncRNA,mRNA,hsa-miR-106b-5p,0.00078357355,735,3.3874357985297365e-08,3.912120147758527e-08
OIP5-AS1,PTAR1,lncRNA,mRNA,hsa-miR-30d-5p,0.00078357355,737,3.2584003051283617e-08,3.768218039944364e-08
OIP5-AS1,KLF3,lncRNA,mRNA,hsa-miR-23a-3p,0.00078357355,741,4.099509598454176e-08,4.702541374745007e-08
OIP5-AS1,SPTY2D1,lncRNA,mRNA,hsa-miR-23a-3p,0.00078357355,742,4.302101941355829e-08,4.928283895084171e-08
NORAD,NFYB,lncRNA,mRNA,hsa-miR-25-3p,0.0014241644,743,5.012453963004759e-08,5.7265939093468354e-08
NORAD,FYTTD1,lncRNA,mRNA,hsa-miR-30e-5p,0.0008718793,745,5.219618426366424e-08,5.947286410739223e-08
OIP5-AS1,UBR3,lncRNA,mRNA,hsa-miR-23b-3p,0.00078357355,746,5.131669511548864e-08,5.8549249460624623e-08
NORAD,MAPK14,lncRNA,mRNA,hsa-miR-22-3p,0.0010937736,747,5.650800960488312e-08,6.40424108855342e-08
NORAD,NCOA3,lncRNA,mRNA,hsa-miR-106b-5p,0.00078357355,750,5.9409876351779196e-08,6.724153781492984e-08
OIP5-AS1,ARPP19,lncRNA,mRNA,hsa-miR-30e-5p,0.0008235144,751,5.5324179903948334e-08,6.286838625448675e-08
NORAD,ARID1B,lncRNA,mRNA,hsa-miR-25-3p,0.0008718793,754,8.000271756181122e-08,9.018873995694899e-08
NORAD,ETF1,lncRNA,mRNA,hsa-miR-106b-5p,0.00078357355,756,9.613081264348013e-08,1.0808358564412446e-07
NORAD,ABI2,lncRNA,mRNA,hsa-miR-106b-5p,0.00078357355,757,1.0112144810392465e-07,1.135445586371677e-07
OIP5-AS1,SEC62,lncRNA,mRNA,hsa-miR-30a-5p,0.00078357355,758,1.0505187231224512e-07,1.1780223148470759e-07
NORAD,MBNL2,lncRNA,mRNA,hsa-miR-30e-5p,0.0008718793,759,1.2034341323463593e-07,1.3441774145787196e-07
NORAD,DDX5,lncRNA,mRNA,hsa-miR-106b-5p,0.00078357355,760,1.0831241037401185e-07,1.212984832910541e-07
NORAD,CAND1,lncRNA,mRNA,hsa-miR-30e-5p,0.0019715766,762,1.380800915828928e-07,1.5402634887855498e-07
NORAD,ATF7IP,lncRNA,mRNA,hsa-miR-25-3p,0.0008718793,763,1.543812944149181e-07,1.719844040008917e-07
NORAD,PTP4A2,lncRNA,mRNA,hsa-miR-106b-5p,0.00078357355,764,1.5626509730637397e-07,1.7385514752672494e-07
OIP5-AS1,CDC73,lncRNA,mRNA,hsa-miR-23b-3p,0.00078357355,765,1.6336827446394866e-07,1.8152030495994293e-07
NORAD,DDX17,lncRNA,mRNA,hsa-miR-106b-5p,0.00078357355,766,1.6565465732476525e-07,1.838204422011103e-07
NORAD,CDC42,lncRNA,mRNA,hsa-miR-106b-5p,0.00078357355,767,1.762797472437683e-07,1.953556520954407e-07
NORAD,SCAF4,lncRNA,mRNA,hsa-miR-25-3p,0.0014978802,768,1.9244591542566525e-07,2.129935261872597e-07
NORAD,THADA,lncRNA,mRNA,hsa-miR-106b-5p,0.00078357355,770,1.9971837339483045e-07,2.2046833426702066e-07
NORAD,UBC,lncRNA,mRNA,hsa-miR-106b-5p,0.00078357355,771,2.2695356105550962e-07,2.4988410219842373e-07
NORAD,FBXW2,lncRNA,mRNA,hsa-miR-106b-5p,0.00078357355,773,2.394212041956223e-07,2.632704056484851e-07
FGD5-AS1,TLK1,lncRNA,mRNA,hsa-miR-28-5p,0.0008718793,774,2.629388160535484e-07,2.8875709773322497e-07
NORAD,CLTC,lncRNA,mRNA,hsa-miR-106b-5p,0.00078357355,775,3.028544095506902e-07,3.321629007975312e-07
NORAD,CDC5L,lncRNA,mRNA,hsa-miR-25-3p,0.0008718793,779,3.6483665311060076e-07,3.996277772474363e-07
NORAD,PRKAA1,lncRNA,mRNA,hsa-miR-30e-5p,0.0008718793,780,4.073115922320625e-07,4.432968673460347e-07
NORAD,PRPF8,lncRNA,mRNA,hsa-miR-25-3p,0.0008718793,782,4.823141723786506e-07,5.242545351941854e-07
NORAD,IPO7,lncRNA,mRNA,hsa-miR-106b-5p,0.00078357355,783,5.288186848417809e-07,5.733365843310123e-07
NORAD,USP48,lncRNA,mRNA,hsa-miR-106b-5p,0.00078357355,784,5.020635247543481e-07,5.450242605890113e-07
NORAD,SMAD5,lncRNA,mRNA,hsa-miR-25-3p,0.0008718793,785,5.938226492752108e-07,6.429926775591454e-07
NORAD,RLIM,lncRNA,mRNA,hsa-miR-106b-5p,0.00078357355,787,6.41275907042882e-07,6.92610573045044e-07
NORAD,KLHDC10,lncRNA,mRNA,hsa-miR-25-3p,0.0008718793,788,7.479907111473949e-07,8.04800132247197e-07
NORAD,TSPYL1,lncRNA,mRNA,hsa-miR-30d-5p,0.00078357355,789,7.112598658931546e-07,7.66249538668164e-07
NORAD,ANP32A,lncRNA,mRNA,hsa-miR-361-3p,0.00078357355,790,7.092415132969876e-07,7.650447795716237e-07
NORAD,ZFP91,lncRNA,mRNA,hsa-miR-22-3p,0.0008718793,791,7.679628688528339e-07,8.25244549336168e-07
NORAD,SETD2,lncRNA,mRNA,hsa-miR-106b-5p,0.00078357355,794,8.739438881466555e-07,9.35582248015941e-07
NORAD,FNBP1L,lncRNA,mRNA,hsa-miR-106b-5p,0.00078357355,795,1.0585685410458012e-06,1.1318028426275862e-06
NORAD,ITCH,lncRNA,mRNA,hsa-miR-106b-5p,0.00078357355,797,1.1451817476526571e-06,1.2228699566642695e-06
NORAD,STAU1,lncRNA,mRNA,hsa-miR-30e-5p,0.0008718793,798,1.2412856356114332e-06,1.322171416378093e-06
FGD5-AS1,GPN1,lncRNA,mRNA,hsa-miR-151a-5p,0.00091646786,799,1.7250208674823853e-06,1.8351285824280692e-06
FGD5-AS1,CREB1,lncRNA,mRNA,hsa-miR-22-3p,0.0008718793,801,1.730378696551682e-06,1.8385273650861624e-06
NORAD,MTDH,lncRNA,mRNA,hsa-miR-30e-5p,0.0008718793,802,1.941013185291496e-06,2.0546216780794164e-06
NORAD,GTF2A1,lncRNA,mRNA,hsa-miR-25-3p,0.0008718793,803,1.8676112305549e-06,1.979388461311303e-06
FGD5-AS1,RAP1B,lncRNA,mRNA,hsa-miR-28-5p,0.0008718793,805,2.4625269414713102e-06,2.600183727019396e-06
NORAD,KLF3,lncRNA,mRNA,hsa-miR-106b-5p,0.00078357355,806,3.0117572638044265e-06,3.17617081170442e-06
FGD5-AS1,SLC15A4,lncRNA,mRNA,hsa-miR-151a-5p,0.00091646786,807,3.350026867465772e-06,3.5241619274083e-06
NORAD,NUFIP2,lncRNA,mRNA,hsa-miR-106b-5p,0.00078357355,808,3.2306012232030668e-06,3.4027398261742337e-06
NORAD,SAE1,lncRNA,mRNA,hsa-miR-30e-5p,0.0008718793,809,4.046127475287875e-06,4.245936239499623e-06
NORAD,NUP214,lncRNA,mRNA,hsa-miR-22-3p,0.0008718793,810,3.934408067785e-06,4.133803285064586e-06
NORAD,RRN3,lncRNA,mRNA,hsa-miR-25-3p,0.0008718793,811,4.594169601190856e-06,4.80916768597565e-06
NORAD,PGGT1B,lncRNA,mRNA,hsa-miR-30d-5p,0.00078357355,812,4.571585947354961e-06,4.791427934958961e-06
NORAD,MAP2K4,lncRNA,mRNA,hsa-miR-25-3p,0.0008718793,813,5.128123174324983e-06,5.361506393820709e-06
NORAD,CREB1,lncRNA,mRNA,hsa-miR-182-5p,0.00078357355,814,6.02353796619326e-06,6.289935222683379e-06
OIP5-AS1,PGGT1B,lncRNA,mRNA,hsa-miR-30d-5p,0.00078357355,815,6.384741017662066e-06,6.6589323497089024e-06
NORAD,DDX6,lncRNA,mRNA,hsa-miR-22-3p,0.00091631716,817,7.050438940225945e-06,7.3352179916671395e-06
NORAD,ANXA11,lncRNA,mRNA,hsa-miR-25-3p,0.0008718793,819,8.539849905897512e-06,8.859573153035145e-06
NORAD,JAK1,lncRNA,mRNA,hsa-miR-30e-5p,0.0008718793,820,8.5468823358692e-06,8.859573153035145e-06
NORAD,SH3GLB1,lncRNA,mRNA,hsa-miR-106b-5p,0.00078357355,821,9.153860388577684e-06,9.477200158697968e-06
NORAD,VPS4B,lncRNA,mRNA,hsa-miR-25-3p,0.0008718793,822,1.0022017277178108e-05,1.0363399860828944e-05
NORAD,WIPF2,lncRNA,mRNA,hsa-miR-106b-5p,0.00078357355,823,1.034089509865943e-05,1.0680146821215692e-05
NORAD,WDR11,lncRNA,mRNA,hsa-miR-25-3p,0.0008718793,825,1.0806063193591342e-05,1.114703120698136e-05
NORAD,TNKS2,lncRNA,mRNA,hsa-miR-30e-5p,0.0008718793,826,1.1244878029836867e-05,1.157160572077644e-05
NORAD,FBXO21,lncRNA,mRNA,hsa-miR-106b-5p,0.00078357355,827,1.2530172468494529e-05,1.2878653685877084e-05
OIP5-AS1,SMAD4,lncRNA,mRNA,hsa-miR-29a-3p,0.0008718793,828,1.847482069727846e-05,1.8965697575708564e-05
OIP5-AS1,JMJD1C,lncRNA,mRNA,hsa-miR-23a-3p,0.00078357355,829,2.2393199666570496e-05,2.2960458041718843e-05
NORAD,PAFAH1B1,lncRNA,mRNA,hsa-miR-106b-5p,0.00078357355,832,3.2322015989239006e-05,3.302129037362158e-05
NORAD,CSNK2A1,lncRNA,mRNA,hsa-miR-22-3p,0.0008718793,834,3.956993503817508e-05,4.032907048255253e-05
NORAD,AP1G1,lncRNA,mRNA,hsa-miR-106b-5p,0.00078357355,835,6.437271077963658e-05,6.552910678166598e-05
NORAD,CRK,lncRNA,mRNA,hsa-miR-106b-5p,0.00078357355,836,6.654006716622085e-05,6.765437451110972e-05
NORAD,HNRNPF,lncRNA,mRNA,hsa-miR-361-3p,0.00078357355,837,0.0001013449200748,0.0001029189749864
NORAD,STAT3,lncRNA,mRNA,hsa-miR-106b-5p,0.00078357355,839,0.0001467542522339,0.0001486783246709
NORAD,KPNA6,lncRNA,mRNA,hsa-miR-30e-5p,0.0008718793,840,0.0002101818082176,0.0002126839726011
NORAD,MAP3K2,lncRNA,mRNA,hsa-miR-106b-5p,0.00078357355,843,0.0004547451565648,0.0004585212136181
NORAD,RBFOX2,lncRNA,mRNA,hsa-miR-25-3p,0.0008718793,844,0.0005458657889838,0.0005497463514647
NORAD,KDM3A,lncRNA,mRNA,hsa-miR-22-3p,0.0008718793,847,0.0010720563757715,0.001075853505792
